State,County2,FIPS
Virginia,Charles City County,51036
Texas,McMullen County,48311
Texas,Terrell County,48443
Alaska,Skagway Municipality,2230
Georgia,Baker County,13007
Kansas,Geary County,20061
Colorado,Hinsdale County,8053
Texas,Cochran County,48079
Texas,Armstrong County,48011
Texas,Delta County,48119
Texas,Borden County,48033
North Dakota,Divide County,38023
Oklahoma,Harmon County,40057
North Carolina,Tyrrell County,37177
Virginia,Mathews County,51115
Oregon,Sherman County,41055
South Dakota,Jones County,46075
Virginia,Williamsburg city,51830
Virginia,Nelson County,51125
North Dakota,Slope County,38087
Texas,Culberson County,48109
Texas,Motley County,48345
Nebraska,Stanton County,31167
Maryland,Kent County,24029
Georgia,Taliaferro County,13265
Georgia,Webster County,13307
Georgia,Long County,13183
Virginia,King and Queen County,51097
Michigan,Lake County,26085
Kansas,Woodson County,20207
Texas,Coke County,48081
Texas,Kenedy County,48261
Nebraska,Loup County,31115
Texas,King County,48269
Texas,Fisher County,48151
Massachusetts,Nantucket County,25019
Montana,Prairie County,30079
Virginia,Northumberland County,51133
Colorado,Mineral County,8079
Virginia,Winchester city,51840
Wisconsin,Adams County,55001
Texas,Childress County,48075
Virginia,Emporia city,51595
Virginia,Norton city,51720
Montana,Meagher County,30059
Missouri,Schuyler County,29197
Colorado,Gilpin County,8047
Oklahoma,Cotton County,40033
Nebraska,Garden County,31069
North Carolina,Pamlico County,37137
Colorado,Jackson County,8057
Virginia,Westmoreland County,51193
North Carolina,Jones County,37103
Virginia,King George County,51099
Montana,Broadwater County,30007
Virginia,Middlesex County,51119
North Dakota,Grant County,38037
Texas,Franklin County,48159
Virginia,Radford city,51750
Georgia,Talbot County,13263
Virginia,Fredericksburg city,51630
Georgia,Chattahoochee County,13053
Virginia,Amelia County,51007
North Carolina,Hyde County,37095
Nebraska,Blaine County,31009
Montana,Treasure County,30103
North Dakota,Towner County,38095
Virginia,Clarke County,51043
New Mexico,De Baca County,35011
Virginia,Lunenburg County,51111
Alaska,Petersburg Borough,2195
Oklahoma,Kiowa County,40075
Kentucky,Hickman County,21105
Nevada,Eureka County,32011
Alaska,Denali Borough,2068
South Dakota,Sully County,46119
Kansas,Jackson County,20085
Pennsylvania,Sullivan County,42113
Washington,Wahkiakum County,53069
Kansas,Hodgeman County,20083
Texas,Shackelford County,48417
Virginia,Surry County,51181
Texas,Rains County,48379
Arkansas,Lincoln County,5079
Kentucky,Robertson County,21201
Georgia,Clinch County,13065
Georgia,Oglethorpe County,13221
Texas,Red River County,48387
Montana,Daniels County,30019
Texas,Donley County,48129
Virginia,Goochland County,51075
North Carolina,Gates County,37073
Kansas,Graham County,20065
Texas,Wilbarger County,48487
Georgia,Schley County,13249
Colorado,Costilla County,8023
Texas,Madison County,48313
Georgia,Pulaski County,13235
Texas,Edwards County,48137
Texas,Kent County,48263
Texas,Roberts County,48393
Texas,Foard County,48155
Texas,Cottle County,48101
Texas,Glasscock County,48173
Georgia,Montgomery County,13209
Kansas,Chautauqua County,20019
Georgia,Treutlen County,13283
Texas,Morris County,48343
Kansas,Jewell County,20089
Georgia,Marion County,13197
North Dakota,Foster County,38031
Nebraska,Dundy County,31057
Georgia,Morgan County,13211
Georgia,Seminole County,13253
Texas,Irion County,48235
Wisconsin,Florence County,55037
Georgia,Echols County,13101
Kansas,Greeley County,20071
Colorado,Crowley County,8025
North Dakota,Sheridan County,38083
Tennessee,Lake County,47095
Nebraska,Hayes County,31085
Texas,Sterling County,48431
Nebraska,Logan County,31113
North Dakota,Golden Valley County,38033
Georgia,Bacon County,13005
Iowa,Adams County,19003
Michigan,Ontonagon County,26131
Kansas,Edwards County,20047
North Dakota,Eddy County,38027
Georgia,Quitman County,13239
Texas,Stonewall County,48433
Texas,Collingsworth County,48087
South Dakota,Campbell County,46021
Michigan,Alcona County,26001
Virginia,Louisa County,51109
Texas,Real County,48385
Tennessee,Trousdale County,47169
Texas,Jeff Davis County,48243
Texas,Throckmorton County,48447
North Dakota,Adams County,38001
Virginia,Waynesboro city,51820
Arkansas,Lafayette County,5073
Wisconsin,Iron County,55051
Oklahoma,Ellis County,40045
Massachusetts,Dukes County,25007
Texas,Haskell County,48207
Kansas,Stanton County,20187
Kansas,Elk County,20049
Virginia,Lexington city,51678
Texas,Menard County,48327
Kansas,Rawlins County,20153
Georgia,Lanier County,13173
Arkansas,Little River County,5081
Georgia,McIntosh County,13191
Nebraska,Rock County,31149
Nebraska,Gosper County,31073
Georgia,Clay County,13061
Kansas,Russell County,20167
Texas,Camp County,48063
North Dakota,Kidder County,38043
North Dakota,Oliver County,38065
North Carolina,Camden County,37029
Virginia,Rockbridge County,51163
Colorado,Dolores County,8033
Kansas,Scott County,20171
Kansas,Decatur County,20039
Georgia,Glascock County,13125
Oklahoma,Woods County,40151
Montana,Petroleum County,30069
Texas,Hardeman County,48197
Nebraska,Perkins County,31135
Georgia,Greene County,13133
Idaho,Camas County,16025
Idaho,Lewis County,16061
North Dakota,Billings County,38007
Virginia,Caroline County,51033
Virginia,Falls Church city,51610
Kansas,Bourbon County,20011
Virginia,Appomattox County,51011
Georgia,Wilkinson County,13319
Virginia,Rappahannock County,51157
Georgia,Putnam County,13237
Colorado,Custer County,8027
Michigan,Oscoda County,26135
Georgia,Jenkins County,13165
Texas,Knox County,48275
Kansas,Chase County,20017
Kansas,Trego County,20195
Texas,Baylor County,48023
Texas,Dickens County,48125
Alaska,Wrangell City and Borough,2275
North Dakota,Griggs County,38039
Nebraska,Brown County,31017
Georgia,Cook County,13075
Nebraska,Kimball County,31105
Virginia,Culpeper County,51047
Georgia,Crawford County,13079
Alaska,Yakutat City and Borough,2282
Texas,Marion County,48315
Nebraska,Wheeler County,31183
North Carolina,Chowan County,37041
Kansas,Wichita County,20203
Georgia,Jasper County,13159
West Virginia,Gilmer County,54021
Nebraska,Dawes County,31045
Oklahoma,Coal County,40029
Nebraska,Keya Paha County,31103
Texas,Lipscomb County,48295
Nebraska,Sheridan County,31161
Georgia,Towns County,13281
Virginia,Lancaster County,51103
Virginia,Sussex County,51183
Arkansas,Nevada County,5099
Washington,Garfield County,53023
Arkansas,Monroe County,5095
Virginia,Madison County,51113
Michigan,Keweenaw County,26083
Alabama,Perry County,1105
Texas,Hemphill County,48211
Iowa,Pocahontas County,19151
Minnesota,Lake of the Woods County,27077
Virginia,Manassas Park city,51685
Texas,Sutton County,48435
Wyoming,Hot Springs County,56017
Missouri,Scotland County,29199
Colorado,San Juan County,8111
Tennessee,Moore County,47127
Missouri,Knox County,29103
Virginia,Highland County,51091
Texas,San Augustine County,48405
North Dakota,Nelson County,38063
Nebraska,Thomas County,31171
Kansas,Comanche County,20033
Iowa,Osceola County,19143
Kansas,Hamilton County,20075
Kansas,Pawnee County,20145
Nebraska,Grant County,31075
Kansas,Barber County,20007
Louisiana,Cameron Parish,22023
Virginia,Craig County,51045
Alabama,Coosa County,1037
Nebraska,Harlan County,31083
Georgia,Charlton County,13049
Idaho,Clark County,16033
Mississippi,Carroll County,28015
Pennsylvania,Cameron County,42023
Georgia,Irwin County,13155
Colorado,San Miguel County,8113
Nebraska,McPherson County,31117
Nevada,Storey County,32029
Texas,Stephens County,48429
Arkansas,Lee County,5077
Louisiana,Tensas Parish,22107
Virginia,Covington city,51580
Michigan,Luce County,26095
North Dakota,Hettinger County,38041
Kentucky,Nicholas County,21181
Virginia,Galax city,51640
Kansas,Lincoln County,20105
Georgia,Wheeler County,13309
Missouri,Worth County,29227
Kansas,Brown County,20013
Texas,Schleicher County,48413
Virginia,Bland County,51021
Virginia,King William County,51101
Georgia,Camden County,13039
Arkansas,Dallas County,5039
South Dakota,Clay County,46027
Nebraska,Dakota County,31043
Nebraska,Banner County,31007
Kentucky,Trigg County,21221
Nebraska,Arthur County,31005
Georgia,Wilcox County,13315
Nebraska,Garfield County,31071
Kentucky,Fulton County,21075
Idaho,Butte County,16023
Virginia,Cumberland County,51049
Kansas,Atchison County,20005
Wyoming,Johnson County,56019
Illinois,Pope County,17151
Virginia,Greensville County,51081
Montana,Wibaux County,30109
Oregon,Gilliam County,41021
North Carolina,Graham County,37075
Oregon,Wheeler County,41069
Texas,Llano County,48299
Georgia,Tattnall County,13267
West Virginia,Wirt County,54105
Georgia,Johnson County,13167
Texas,Somervell County,48425
Oklahoma,Love County,40085
North Dakota,Steele County,38091
Virginia,Buckingham County,51029
South Dakota,Bennett County,46007
North Carolina,Bladen County,37017
Tennessee,Pickett County,47137
Texas,San Jacinto County,48407
Nebraska,Boyd County,31015
New Mexico,Catron County,35003
Kentucky,Carlisle County,21039
Oklahoma,Alfalfa County,40003
Nebraska,Richardson County,31147
Tennessee,Van Buren County,47175
Texas,Garza County,48169
South Carolina,Calhoun County,45017
Alabama,Clay County,1027
Oklahoma,Greer County,40055
Georgia,Appling County,13001
Kentucky,Owsley County,21189
Georgia,Hart County,13147
Virginia,Fairfax city,51600
Kansas,Sheridan County,20179
Kentucky,Cumberland County,21057
Georgia,Early County,13099
Georgia,Stephens County,13257
North Carolina,Hoke County,37093
Oklahoma,Washita County,40149
Georgia,Liberty County,13179
Nebraska,Franklin County,31061
New York,Hamilton County,36041
Michigan,Montmorency County,26119
Georgia,Screven County,13251
Virginia,Essex County,51057
Iowa,Emmet County,19063
Georgia,Pierce County,13229
Virginia,Franklin city,51620
Texas,Newton County,48351
Oklahoma,Marshall County,40095
North Carolina,Caswell County,37033
Nebraska,Hooker County,31091
Texas,Lampasas County,48281
Texas,Mason County,48319
Idaho,Adams County,16003
Nebraska,Burt County,31021
Colorado,Grand County,8049
Texas,Goliad County,48175
Georgia,Lincoln County,13181
Oklahoma,Grant County,40053
Texas,Dallam County,48111
Texas,Kimble County,48267
Georgia,Turner County,13287
Georgia,Elbert County,13105
Texas,Hall County,48191
Arkansas,Calhoun County,5013
Virginia,Poquoson city,51735
Texas,Kinney County,48271
Georgia,Rabun County,13241
Colorado,Clear Creek County,8019
Oklahoma,Jefferson County,40067
Arkansas,Scott County,5127
Nebraska,Deuel County,31049
Georgia,Jeff Davis County,13161
Kansas,Smith County,20183
South Dakota,Stanley County,46117
Georgia,Miller County,13201
Mississippi,Stone County,28131
Vermont,Grand Isle County,50013
Iowa,Audubon County,19009
Oklahoma,Tillman County,40141
Nebraska,Sioux County,31165
Oklahoma,Major County,40093
North Dakota,Logan County,38047
Georgia,Atkinson County,13003
Oklahoma,Jackson County,40065
Alaska,Aleutians East Borough,2013
Texas,Briscoe County,48045
Kansas,Grant County,20067
Virginia,Colonial Heights city,51570
Kansas,Wallace County,20199
Georgia,Lamar County,13171
Virginia,Martinsville city,51690
North Carolina,Alleghany County,37005
Virginia,Warren County,51187
Oklahoma,Roger Mills County,40129
Arkansas,Perry County,5105
Montana,Deer Lodge County,30023
Kansas,Cheyenne County,20023
Nebraska,Box Butte County,31013
North Carolina,Richmond County,37153
Nebraska,Keith County,31101
Texas,Crockett County,48105
Arkansas,Jackson County,5067
Texas,Sherman County,48421
Georgia,Upson County,13293
Kansas,Harper County,20077
Georgia,Telfair County,13271
Texas,Wheeler County,48483
Wyoming,Crook County,56011
Nebraska,Morrill County,31123
Tennessee,Hancock County,47067
Texas,Upton County,48461
Texas,Crane County,48103
Kentucky,Simpson County,21213
Colorado,Huerfano County,8055
Iowa,Worth County,19195
Oklahoma,Logan County,40083
North Carolina,Clay County,37043
Tennessee,Decatur County,47039
Michigan,Schoolcraft County,26153
Wyoming,Niobrara County,56027
Nebraska,Nance County,31125
Nebraska,Hitchcock County,31087
South Carolina,Saluda County,45081
Tennessee,Sequatchie County,47153
Colorado,Cheyenne County,8017
West Virginia,Pendleton County,54071
Alaska,Haines Borough,2100
Alaska,Juneau City and Borough,2110
Texas,Reagan County,48383
Nebraska,Sherman County,31163
Georgia,Franklin County,13119
Iowa,Van Buren County,19177
Georgia,Warren County,13301
Georgia,Madison County,13195
Kansas,Ness County,20135
Georgia,Berrien County,13019
Virginia,Bath County,51017
Georgia,Macon County,13193
Colorado,Archuleta County,8007
Missouri,Ralls County,29173
Oklahoma,Harper County,40059
Tennessee,Lewis County,47101
Georgia,Ben Hill County,13017
Georgia,Stewart County,13259
Missouri,Lewis County,29111
Maryland,Talbot County,24041
Nebraska,Valley County,31175
Indiana,Blackford County,18009
Oklahoma,Custer County,40039
Georgia,Wayne County,13305
Iowa,Davis County,19051
Virginia,Buena Vista city,51530
Georgia,Butts County,13035
Georgia,Wilkes County,13317
Minnesota,Murray County,27101
Indiana,Ohio County,18115
Arkansas,Woodruff County,5147
Nebraska,Frontier County,31063
Georgia,Grady County,13131
Missouri,Howard County,29089
Georgia,Banks County,13011
Missouri,Putnam County,29171
Minnesota,Traverse County,27155
Oregon,Curry County,41015
Kansas,Sherman County,20181
Minnesota,Norman County,27107
North Dakota,Dunn County,38025
Texas,Martin County,48317
Indiana,Benton County,18007
Kentucky,Todd County,21219
Arkansas,Clark County,5019
North Dakota,Renville County,38075
North Dakota,Mercer County,38057
Montana,Powder River County,30075
West Virginia,Tucker County,54093
Michigan,Baraga County,26013
Iowa,Ringgold County,19159
Texas,Aransas County,48007
Kansas,Kiowa County,20097
Wisconsin,Forest County,55041
South Carolina,Marlboro County,45069
Arkansas,Newton County,5101
Mississippi,Amite County,28005
Georgia,Harris County,13145
Colorado,Ouray County,8091
Virginia,Gloucester County,51073
South Dakota,Hand County,46059
North Carolina,Scotland County,37165
Kentucky,Mason County,21161
Nevada,Churchill County,32001
Georgia,Candler County,13043
Georgia,Heard County,13149
Idaho,Boundary County,16021
New Mexico,Los Alamos County,35028
Missouri,Mercer County,29129
North Carolina,Currituck County,37053
Georgia,Twiggs County,13289
Kansas,Meade County,20119
South Dakota,Lyman County,46085
Maryland,Caroline County,24011
Arkansas,Montgomery County,5097
Virginia,Prince George County,51149
Oklahoma,Blaine County,40011
Texas,Winkler County,48495
Kansas,Kearny County,20093
Montana,Musselshell County,30065
Oklahoma,Beckham County,40009
Texas,Clay County,48077
Virginia,New Kent County,51127
New Mexico,Harding County,35021
Wisconsin,Burnett County,55013
Louisiana,St. Helena Parish,22091
Oklahoma,Noble County,40103
New Mexico,Sierra County,35051
Pennsylvania,Montour County,42093
Mississippi,Benton County,28009
Georgia,Lumpkin County,13187
Kansas,Ottawa County,20143
Mississippi,Yalobusha County,28161
Virginia,Nottoway County,51135
North Carolina,Polk County,37149
Colorado,Lincoln County,8073
Kansas,Wabaunsee County,20197
Nebraska,Pawnee County,31133
Arkansas,Prairie County,5117
Utah,Rich County,49033
Mississippi,Montgomery County,28097
Texas,Coleman County,48083
Oklahoma,Choctaw County,40023
Texas,Jim Hogg County,48247
Georgia,Hancock County,13141
Texas,Hamilton County,48193
Illinois,Richland County,17159
Kentucky,Owen County,21187
Virginia,Isle of Wight County,51093
Nebraska,Chase County,31029
North Dakota,McIntosh County,38051
Nebraska,Webster County,31181
Illinois,Hardin County,17069
Texas,Trinity County,48455
Wisconsin,Langlade County,55067
Kansas,Clark County,20025
North Carolina,Greene County,37079
Minnesota,Clearwater County,27029
North Dakota,Wells County,38103
Kentucky,Woodford County,21239
Montana,Golden Valley County,30037
Tennessee,Houston County,47083
Georgia,Monroe County,13207
West Virginia,Doddridge County,54017
Texas,Bandera County,48019
Missouri,Ste. Genevieve County,29186
Georgia,Worth County,13321
Texas,Swisher County,48437
Kentucky,Ballard County,21007
Iowa,Taylor County,19173
Georgia,Dooly County,13093
Iowa,Monona County,19133
Michigan,Leelanau County,26089
Virginia,Northampton County,51131
Georgia,Dade County,13083
New York,Seneca County,36099
Georgia,Peach County,13225
Missouri,McDonald County,29119
Oklahoma,Pawnee County,40117
Texas,Jack County,48237
South Dakota,Grant County,46051
Georgia,Meriwether County,13199
Kansas,Republic County,20157
Tennessee,Giles County,47055
Georgia,Emanuel County,13107
Indiana,Union County,18161
Montana,Carter County,30011
Texas,Washington County,48477
Kansas,Osborne County,20141
Virginia,York County,51199
Virginia,Floyd County,51063
North Carolina,Perquimans County,37143
Kentucky,Metcalfe County,21169
Washington,Columbia County,53013
Kansas,Morris County,20127
Pennsylvania,Forest County,42053
Nevada,Pershing County,32027
Illinois,Brown County,17009
Kansas,Clay County,20027
Minnesota,Lac qui Parle County,27073
Nevada,Esmeralda County,32009
South Dakota,Hughes County,46065
Texas,Dimmit County,48127
Iowa,Calhoun County,19025
Arkansas,Columbia County,5027
South Dakota,Miner County,46097
Texas,McCulloch County,48307
Colorado,Teller County,8119
Tennessee,Perry County,47135
Wyoming,Washakie County,56043
Colorado,Sedgwick County,8115
Oklahoma,Dewey County,40043
South Dakota,Deuel County,46039
Kansas,Stafford County,20185
Tennessee,Lauderdale County,47097
Georgia,Toombs County,13279
Georgia,Taylor County,13269
Iowa,Clarke County,19039
Kentucky,Livingston County,21139
Alaska,Bristol Bay Borough,2060
Louisiana,Morehouse Parish,22067
South Dakota,Custer County,46033
Wyoming,Weston County,56045
Arkansas,Cleveland County,5025
Illinois,Edwards County,17047
Georgia,Jefferson County,13163
Kansas,Riley County,20161
Alabama,Choctaw County,1023
Illinois,Gallatin County,17059
Missouri,Dallas County,29059
North Dakota,Burke County,38013
California,Alpine County,6003
Louisiana,West Feliciana Parish,22125
Texas,Scurry County,48415
Louisiana,East Carroll Parish,22035
Texas,San Saba County,48411
Georgia,Brooks County,13027
Utah,Grand County,49019
Iowa,Monroe County,19135
Kansas,Greenwood County,20073
North Dakota,Emmons County,38029
Kentucky,Larue County,21123
Arkansas,Bradley County,5011
Arkansas,Desha County,5041
Tennessee,Clay County,47027
Georgia,Evans County,13109
Colorado,Kiowa County,8061
Alaska,Aleutians West Census Area,2016
Kansas,Mitchell County,20123
South Dakota,Fall River County,46047
Iowa,Adair County,19001
Nebraska,Cuming County,31039
Kansas,Phillips County,20147
Kansas,Montgomery County,20125
Michigan,Iron County,26071
Virginia,Franklin County,51067
Georgia,Washington County,13303
Oklahoma,Murray County,40099
North Dakota,Bowman County,38011
Montana,McCone County,30055
Mississippi,Quitman County,28119
Maryland,Wicomico County,24045
Texas,Dawson County,48115
Virginia,Amherst County,51009
South Dakota,Haakon County,46055
South Carolina,McCormick County,45065
Kansas,Pratt County,20151
Iowa,Lucas County,19117
Mississippi,Noxubee County,28103
Kansas,Lane County,20101
Oklahoma,Cimarron County,40025
Kansas,Rooks County,20163
Virginia,Charlotte County,51037
Tennessee,Chester County,47023
Michigan,Ogemaw County,26129
Georgia,Burke County,13033
Minnesota,Jackson County,27063
Vermont,Essex County,50009
Virginia,Hopewell city,51670
North Dakota,Cavalier County,38019
Iowa,Union County,19175
Kentucky,Gallatin County,21077
Oregon,Wasco County,41065
Texas,Lynn County,48305
North Carolina,Franklin County,37069
Virginia,Orange County,51137
Alaska,Sitka City and Borough,2220
North Dakota,Pierce County,38069
Alaska,Ketchikan Gateway Borough,2130
Texas,Falls County,48145
Kansas,Ellsworth County,20053
Colorado,Rio Blanco County,8103
Tennessee,Jackson County,47087
Alabama,Crenshaw County,1041
Indiana,Tipton County,18159
Kentucky,Trimble County,21223
Colorado,Alamosa County,8003
Iowa,Jefferson County,19101
Texas,Limestone County,48293
Tennessee,Meigs County,47121
West Virginia,Tyler County,54095
Wisconsin,Pepin County,55091
Iowa,Wayne County,19185
Minnesota,Yellow Medicine County,27173
South Dakota,Hyde County,46069
Iowa,Franklin County,19069
Arkansas,Cross County,5037
Louisiana,Red River Parish,22081
Georgia,Polk County,13233
Georgia,Barrow County,13013
Texas,Presidio County,48377
Texas,Sabine County,48403
Kansas,Logan County,20109
Nebraska,Johnson County,31097
Arkansas,Pike County,5109
Indiana,Switzerland County,18155
Louisiana,Plaquemines Parish,22075
Arkansas,Arkansas County,5001
Georgia,Ware County,13299
Oklahoma,Hughes County,40063
Kansas,Norton County,20137
South Dakota,Potter County,46107
Texas,Grimes County,48185
Nebraska,Cherry County,31031
Arkansas,Chicot County,5017
Missouri,Shelby County,29205
South Dakota,Moody County,46101
Kentucky,Crittenden County,21055
Kentucky,Hancock County,21091
Michigan,Alger County,26003
Virginia,James City County,51095
South Dakota,Harding County,46063
Missouri,Carter County,29035
Texas,Young County,48503
Texas,Bailey County,48017
Alabama,Lamar County,1075
Texas,La Salle County,48283
Kansas,Wilson County,20205
Wisconsin,Price County,55099
Virginia,Fluvanna County,51065
Alabama,Fayette County,1057
Texas,Hudspeth County,48229
Tennessee,Bledsoe County,47007
Georgia,Randolph County,13243
Colorado,Park County,8093
Mississippi,Choctaw County,28019
Kentucky,Adair County,21001
Mississippi,Franklin County,28037
South Dakota,Butte County,46019
Indiana,Pulaski County,18131
Louisiana,Catahoula Parish,22025
Georgia,Bleckley County,13023
Georgia,Calhoun County,13037
Pennsylvania,Juniata County,42067
Georgia,Dodge County,13091
Minnesota,Pennington County,27113
Louisiana,West Carroll Parish,22123
Texas,Refugio County,48391
Texas,Hutchinson County,48233
New York,Schuyler County,36097
Illinois,Henderson County,17071
Minnesota,Lake County,27075
Georgia,Terrell County,13273
South Dakota,Douglas County,46043
Wisconsin,Menominee County,55078
Texas,Carson County,48065
West Virginia,Calhoun County,54013
North Carolina,Transylvania County,37175
Utah,Piute County,49031
North Dakota,Bottineau County,38009
Nevada,Mineral County,32021
Montana,Wheatland County,30107
Louisiana,Union Parish,22111
West Virginia,Summers County,54089
South Dakota,Tripp County,46123
West Virginia,Webster County,54101
Virginia,Mecklenburg County,51117
Minnesota,Rock County,27133
Kansas,Linn County,20107
Arkansas,Sevier County,5133
Minnesota,Faribault County,27043
South Dakota,Perkins County,46105
Georgia,McDuffie County,13189
Maryland,Worcester County,24047
Utah,Daggett County,49009
Kentucky,Bracken County,21023
Ohio,Harrison County,39067
Iowa,Greene County,19073
Nebraska,Dixon County,31051
Oklahoma,Kay County,40071
New York,Yates County,36123
Kansas,Cowley County,20035
Indiana,Warren County,18171
Texas,Blanco County,48031
Oklahoma,Okfuskee County,40107
Kentucky,Pendleton County,21191
Texas,Brewster County,48043
Mississippi,Jefferson Davis County,28065
Georgia,Pike County,13231
Ohio,Noble County,39121
Texas,Live Oak County,48297
Iowa,Humboldt County,19091
Iowa,Mahaska County,19123
Missouri,Sullivan County,29211
Kentucky,Elliott County,21063
Kansas,Gove County,20063
North Carolina,Washington County,37187
Iowa,Howard County,19089
Utah,Wayne County,49055
Kansas,Rush County,20165
Georgia,Jones County,13169
Kentucky,Washington County,21229
Kentucky,Caldwell County,21033
Nevada,Lander County,32015
Kentucky,Menifee County,21165
Arkansas,Fulton County,5049
Kansas,Stevens County,20189
Virginia,Charlottesville city,51540
Nebraska,Boone County,31011
Oklahoma,Comanche County,40031
Mississippi,Kemper County,28069
Ohio,Morgan County,39115
North Carolina,Northampton County,37131
New Mexico,Union County,35059
Texas,Lee County,48287
Oregon,Hood River County,41027
Texas,Hartley County,48205
Arkansas,Searcy County,5129
Nebraska,Pierce County,31139
North Dakota,Barnes County,38003
Minnesota,Red Lake County,27125
Minnesota,Chippewa County,27023
Arkansas,Madison County,5087
Virginia,Bristol city,51520
Indiana,Brown County,18013
Missouri,Douglas County,29067
Virginia,Powhatan County,51145
South Dakota,Day County,46037
Michigan,Gogebic County,26053
Tennessee,Haywood County,47075
Texas,Brooks County,48047
North Carolina,Anson County,37007
Texas,Fayette County,48149
Mississippi,Sharkey County,28125
Colorado,Phillips County,8095
Iowa,O'Brien County,19141
Montana,Fallon County,30025
Indiana,Carroll County,18015
Louisiana,St. James Parish,22093
Missouri,Maries County,29125
Virginia,Dickenson County,51051
Kansas,Morton County,20129
Colorado,Bent County,8011
Alabama,Bullock County,1011
Georgia,Dawson County,13085
Texas,Archer County,48009
Virginia,Southampton County,51175
Idaho,Shoshone County,16079
Illinois,Calhoun County,17013
Louisiana,Jackson Parish,22049
Arkansas,Marion County,5089
Kansas,Haskell County,20081
Missouri,Morgan County,29141
Indiana,Owen County,18119
Kentucky,Edmonson County,21061
Nebraska,Butler County,31023
Georgia,Union County,13291
Texas,Burleson County,48051
South Carolina,Union County,45087
Montana,Liberty County,30051
South Dakota,Mellette County,46095
Idaho,Boise County,16015
Alaska,Hoonah-Angoon Census Area,2105
Texas,Concho County,48095
Mississippi,Webster County,28155
Oklahoma,Nowata County,40105
Kansas,Saline County,20169
Iowa,Ida County,19093
North Dakota,Sargent County,38081
Tennessee,Crockett County,47033
Illinois,Putnam County,17155
North Dakota,Pembina County,38067
Virginia,Prince Edward County,51147
Kentucky,Green County,21087
North Dakota,Dickey County,38021
Virginia,Patrick County,51141
South Carolina,Colleton County,45029
Mississippi,Humphreys County,28053
West Virginia,Barbour County,54001
Kansas,Allen County,20001
South Carolina,Allendale County,45005
Iowa,Keokuk County,19107
Illinois,Hamilton County,17065
Mississippi,Calhoun County,28013
Virginia,Giles County,51071
Idaho,Custer County,16037
Mississippi,Walthall County,28147
Wyoming,Sublette County,56035
Arkansas,Ouachita County,5103
West Virginia,Pocahontas County,54075
Georgia,White County,13311
Kentucky,Lee County,21129
Virginia,Greene County,51079
Kentucky,Bourbon County,21017
Kentucky,Lyon County,21143
Maine,Piscataquis County,23021
Indiana,Pike County,18125
North Carolina,Hertford County,37091
Missouri,Madison County,29123
Arkansas,Franklin County,5047
Colorado,Gunnison County,8051
Montana,Sweet Grass County,30097
Colorado,Lake County,8065
Arkansas,Sharp County,5135
South Dakota,Sanborn County,46111
South Dakota,Walworth County,46129
Wisconsin,Bayfield County,55007
Georgia,Crisp County,13081
Texas,Jones County,48253
Arkansas,Howard County,5061
Oklahoma,Washington County,40147
Oklahoma,Latimer County,40077
West Virginia,Grant County,54023
West Virginia,Roane County,54087
Mississippi,Claiborne County,28021
Pennsylvania,Pike County,42103
Nebraska,Furnas County,31065
Wyoming,Carbon County,56007
Texas,Oldham County,48359
Kentucky,Mercer County,21167
Louisiana,Madison Parish,22065
Kentucky,Henry County,21103
Georgia,Baldwin County,13009
New Mexico,Hidalgo County,35023
Texas,Lamar County,48277
Alabama,Washington County,1129
Iowa,Clay County,19041
West Virginia,Hardy County,54031
Tennessee,Hardin County,47071
Kentucky,Allen County,21003
Ohio,Vinton County,39163
Georgia,Bryan County,13029
Kentucky,Garrard County,21079
North Carolina,Warren County,37185
Georgia,Chattooga County,13055
Georgia,Effingham County,13103
Iowa,Decatur County,19053
Louisiana,Winn Parish,22127
Kansas,Marion County,20115
Louisiana,St. Bernard Parish,22087
Arkansas,Ashley County,5003
Georgia,Fannin County,13111
Idaho,Benewah County,16009
Kentucky,Henderson County,21101
Arkansas,Randolph County,5121
Georgia,Gilmer County,13123
Oklahoma,McIntosh County,40091
Virginia,Brunswick County,51025
Oregon,Grant County,41023
Michigan,Missaukee County,26113
South Dakota,Ziebach County,46137
Georgia,Sumter County,13261
Texas,Castro County,48069
Iowa,Tama County,19171
Texas,Ochiltree County,48357
North Carolina,Swain County,37173
Iowa,Floyd County,19067
Texas,Mills County,48333
Michigan,Crawford County,26039
Texas,Robertson County,48395
Missouri,Warren County,29219
Arkansas,Grant County,5053
Montana,Granite County,30039
West Virginia,Ritchie County,54085
Texas,Floyd County,48153
Kentucky,Union County,21225
Kentucky,Spencer County,21215
North Carolina,Mitchell County,37121
Indiana,Perry County,18123
Oregon,Lake County,41037
Missouri,Clark County,29045
Iowa,Mills County,19129
Idaho,Power County,16077
Minnesota,Wilkin County,27167
Texas,Ward County,48475
Arkansas,Stone County,5137
Oregon,Tillamook County,41057
Alabama,Henry County,1067
Tennessee,Unicoi County,47171
Oklahoma,Kingfisher County,40073
Mississippi,Lawrence County,28077
Montana,Mineral County,30061
Wisconsin,Marquette County,55077
Minnesota,Kittson County,27069
Indiana,Newton County,18111
Texas,Andrews County,48003
Idaho,Blaine County,16013
Georgia,Coffee County,13069
Kansas,Anderson County,20003
Louisiana,Caldwell Parish,22021
Tennessee,Warren County,47177
Arkansas,Van Buren County,5141
West Virginia,Pleasants County,54073
Georgia,Pickens County,13227
Virginia,Staunton city,51790
Oklahoma,Beaver County,40007
North Carolina,Lee County,37105
Louisiana,Grant Parish,22043
Missouri,Reynolds County,29179
Missouri,St. Clair County,29185
North Carolina,Ashe County,37009
Illinois,Pulaski County,17153
Texas,Panola County,48365
North Carolina,Duplin County,37061
Illinois,Schuyler County,17169
Iowa,Webster County,19187
Texas,Leon County,48289
Indiana,Crawford County,18025
California,Sierra County,6091
Missouri,Atchison County,29005
Kansas,Thomas County,20193
Virginia,Richmond County,51159
South Carolina,Newberry County,45071
Kentucky,Monroe County,21171
Oklahoma,Johnston County,40069
South Dakota,Yankton County,46135
New York,Sullivan County,36105
Georgia,Tift County,13277
Virginia,Salem city,51775
Nebraska,Merrick County,31121
Georgia,Decatur County,13087
Nebraska,Howard County,31093
Kansas,Crawford County,20037
Nebraska,Greeley County,31077
Kentucky,Clinton County,21053
Missouri,Montgomery County,29139
Minnesota,Dodge County,27039
Louisiana,Pointe Coupee Parish,22077
Iowa,Mitchell County,19131
Mississippi,Tippah County,28139
West Virginia,Monroe County,54063
Texas,Bosque County,48035
Kentucky,McLean County,21149
North Dakota,Traill County,38097
Missouri,Oregon County,29149
Mississippi,Greene County,28041
Arkansas,Conway County,5029
Texas,Calhoun County,48057
Montana,Sheridan County,30091
Minnesota,Renville County,27129
Georgia,Lee County,13177
Minnesota,Cook County,27031
Kentucky,Bath County,21011
Nebraska,Nuckolls County,31129
Kansas,Labette County,20099
Oklahoma,Atoka County,40005
Virginia,Halifax County,51083
Iowa,Hancock County,19081
Colorado,Saguache County,8109
Virginia,Henry County,51089
Mississippi,Grenada County,28043
Kansas,Cloud County,20029
Illinois,Stark County,17175
North Carolina,Dare County,37055
Arkansas,Carroll County,5015
Kentucky,Casey County,21045
Missouri,Mississippi County,29133
North Carolina,Sampson County,37163
Florida,Washington County,12133
Oregon,Union County,41061
West Virginia,Brooke County,54009
Maryland,Queen Anne's County,24035
Virginia,Alleghany County,51005
Georgia,Clarke County,13059
Mississippi,Hancock County,28045
Kansas,Doniphan County,20043
West Virginia,Taylor County,54091
Oklahoma,Woodward County,40153
North Carolina,Pasquotank County,37139
Oregon,Wallowa County,41063
Kansas,Gray County,20069
Georgia,Brantley County,13025
Ohio,Carroll County,39019
Minnesota,Koochiching County,27071
Nebraska,Jefferson County,31095
Kentucky,Magoffin County,21153
Georgia,Colquitt County,13071
New York,Orleans County,36073
Idaho,Lincoln County,16063
Tennessee,Johnson County,47091
Iowa,Shelby County,19165
Virginia,Dinwiddie County,51053
Alabama,Pickens County,1107
Maryland,Somerset County,24039
West Virginia,Morgan County,54065
North Carolina,Beaufort County,37013
Tennessee,DeKalb County,47041
Pennsylvania,Wyoming County,42131
Ohio,Fayette County,39047
Nebraska,Seward County,31159
South Carolina,Bamberg County,45009
Louisiana,Sabine Parish,22085
Kentucky,Webster County,21233
Kansas,Marshall County,20117
North Carolina,Person County,37145
Texas,Tyler County,48457
Texas,Reeves County,48389
Pennsylvania,Union County,42119
Wisconsin,Richland County,55103
Missouri,Perry County,29157
Louisiana,Allen Parish,22003
Alabama,Greene County,1063
Iowa,Hamilton County,19079
Colorado,Chaffee County,8015
Florida,Lafayette County,12067
Texas,Upshur County,48459
Indiana,Parke County,18121
North Carolina,Brunswick County,37019
Missouri,Grundy County,29079
Louisiana,Franklin Parish,22041
Minnesota,Stevens County,27149
Illinois,Wabash County,17185
Kansas,Rice County,20159
Missouri,Wayne County,29223
Texas,Colorado County,48089
Indiana,Starke County,18149
Indiana,Martin County,18101
Minnesota,Swift County,27151
Indiana,Rush County,18139
Mississippi,Wilkinson County,28157
Kentucky,Hart County,21099
North Dakota,Ransom County,38073
Colorado,Pitkin County,8097
Tennessee,Carroll County,47017
Texas,Hansford County,48195
Wyoming,Goshen County,56015
Kansas,Douglas County,20045
Missouri,Holt County,29087
Illinois,Scott County,17171
North Carolina,Jackson County,37099
Utah,Beaver County,49001
Georgia,Mitchell County,13205
New Mexico,Mora County,35033
Iowa,Chickasaw County,19037
Wisconsin,Rusk County,55107
Nebraska,Clay County,31035
Alabama,Sumter County,1119
North Dakota,Sioux County,38085
Texas,Houston County,48225
Oklahoma,Craig County,40035
Kansas,Neosho County,20133
Montana,Sanders County,30089
South Carolina,Dillon County,45033
Texas,Yoakum County,48501
South Dakota,Brule County,46015
Florida,Gulf County,12045
Missouri,Chariton County,29041
Minnesota,Grant County,27051
Iowa,Appanoose County,19007
Tennessee,Stewart County,47161
Texas,Gaines County,48165
Iowa,Montgomery County,19137
North Carolina,Bertie County,37015
North Carolina,Yancey County,37199
South Carolina,Chester County,45023
North Carolina,Cherokee County,37039
Iowa,Cerro Gordo County,19033
Michigan,Mackinac County,26097
Tennessee,Obion County,47131
Florida,Calhoun County,12013
West Virginia,Clay County,54015
Minnesota,Todd County,27153
Virginia,Manassas city,51683
Kentucky,Fleming County,21069
Texas,Palo Pinto County,48363
South Carolina,Edgefield County,45037
Virginia,Pulaski County,51155
South Dakota,Jackson County,46071
Oregon,Lincoln County,41041
Georgia,Fayette County,13113
North Dakota,Ramsey County,38071
Nevada,Lincoln County,32017
Kentucky,McCreary County,21147
Iowa,Cherokee County,19035
South Dakota,Gregory County,46053
Oregon,Crook County,41013
Iowa,Poweshiek County,19157
Mississippi,Leake County,28079
Iowa,Iowa County,19095
Kansas,Cherokee County,20021
Maryland,Dorchester County,24019
Missouri,Osage County,29151
Arkansas,Drew County,5043
Kentucky,Russell County,21207
Mississippi,Perry County,28111
Florida,Hamilton County,12047
North Carolina,McDowell County,37111
Michigan,Benzie County,26019
Mississippi,Smith County,28129
Iowa,Fremont County,19071
Virginia,Grayson County,51077
Iowa,Sac County,19161
North Dakota,Stutsman County,38093
Tennessee,Humphreys County,47085
Mississippi,Jefferson County,28063
Kentucky,Breckinridge County,21027
Colorado,Summit County,8117
North Carolina,Madison County,37115
Georgia,Glynn County,13127
Colorado,Moffat County,8081
Georgia,Habersham County,13137
Kansas,Barton County,20009
Louisiana,De Soto Parish,22031
Texas,Jackson County,48239
Colorado,Baca County,8009
New York,Greene County,36039
Kentucky,Carroll County,21041
Indiana,Fulton County,18049
Missouri,Gentry County,29075
Missouri,Barton County,29011
Indiana,Fountain County,18045
Kansas,Nemaha County,20131
Texas,Gray County,48179
Texas,Lavaca County,48285
Montana,Powell County,30077
West Virginia,Jefferson County,54037
West Virginia,Lewis County,54041
Arkansas,Yell County,5149
Idaho,Oneida County,16071
Texas,Montague County,48337
Indiana,Jay County,18075
Alabama,Cherokee County,1019
Minnesota,Sibley County,27143
Nebraska,York County,31185
Pennsylvania,Mifflin County,42087
Missouri,Monroe County,29137
Montana,Dawson County,30021
Colorado,Kit Carson County,8063
Arkansas,Logan County,5083
North Carolina,Davie County,37059
Nevada,Douglas County,32005
Iowa,Jackson County,19097
Kentucky,Lincoln County,21137
Missouri,Gasconade County,29073
Florida,Jefferson County,12065
Wisconsin,Jackson County,55053
Texas,Crosby County,48107
Kansas,Coffey County,20031
Indiana,Miami County,18103
Kentucky,Powell County,21197
Minnesota,Mahnomen County,27087
Nebraska,Red Willow County,31145
Florida,Flagler County,12035
Michigan,Cheboygan County,26031
Oklahoma,Pushmataha County,40127
Arkansas,Hempstead County,5057
California,Modoc County,6049
South Carolina,Chesterfield County,45025
Arkansas,Clay County,5021
Tennessee,Henry County,47079
Virginia,Harrisonburg city,51660
Kansas,Washington County,20201
Mississippi,Winston County,28159
Texas,Coryell County,48099
South Dakota,McPherson County,46089
Texas,Comanche County,48093
Nebraska,Phelps County,31137
Minnesota,Kanabec County,27065
Nevada,Carson City,32510
Idaho,Clearwater County,16035
Missouri,Iron County,29093
Kentucky,Lawrence County,21127
Oklahoma,Haskell County,40061
Tennessee,Rhea County,47143
Nebraska,Wayne County,31179
Mississippi,Tishomingo County,28141
South Dakota,Lawrence County,46081
Oregon,Clatsop County,41007
Tennessee,Fayette County,47047
Texas,Terry County,48445
Iowa,Wright County,19197
Texas,Nolan County,48353
Kentucky,Estill County,21065
Iowa,Winnebago County,19189
Texas,Shelby County,48419
Texas,Mitchell County,48335
Wisconsin,Green Lake County,55047
Nebraska,Otoe County,31131
North Carolina,Montgomery County,37123
Arkansas,Polk County,5113
Tennessee,Lincoln County,47103
Kentucky,Wolfe County,21237
Wisconsin,Sawyer County,55113
Washington,Pend Oreille County,53051
Minnesota,Aitkin County,27001
North Carolina,Macon County,37113
Indiana,Adams County,18001
Idaho,Teton County,16081
Indiana,Vermillion County,18165
Missouri,Dade County,29057
Texas,Walker County,48471
Kentucky,Clark County,21049
Texas,Hopkins County,48223
Kansas,Miami County,20121
Alabama,Wilcox County,1131
Tennessee,Benton County,47005
Iowa,Louisa County,19115
Tennessee,Cannon County,47015
Nebraska,Kearney County,31099
Illinois,Moultrie County,17139
Indiana,Decatur County,18031
Tennessee,White County,47185
North Dakota,McKenzie County,38053
Texas,Jasper County,48241
Nebraska,Thayer County,31169
North Carolina,Alexander County,37003
Iowa,Lee County,19111
Colorado,Fremont County,8043
Idaho,Idaho County,16049
Alabama,Butler County,1013
Tennessee,Polk County,47139
Missouri,Dent County,29065
Mississippi,George County,28039
Oklahoma,Carter County,40019
Illinois,Alexander County,17003
South Dakota,Roberts County,46109
Indiana,Orange County,18117
Texas,Zapata County,48505
Michigan,Gladwin County,26051
Arkansas,Crawford County,5033
Texas,Freestone County,48161
Texas,Austin County,48015
Wisconsin,Shawano County,55115
Oklahoma,Seminole County,40133
Missouri,Newton County,29145
Tennessee,Marshall County,47117
Georgia,Spalding County,13255
Alabama,Cleburne County,1029
Mississippi,Scott County,28123
Missouri,Cedar County,29039
Georgia,Haralson County,13143
Minnesota,Pope County,27121
Georgia,Jackson County,13157
Washington,Skamania County,53059
Pennsylvania,Wayne County,42127
Texas,Polk County,48373
Alabama,Barbour County,1005
Oregon,Morrow County,41049
Louisiana,St. Charles Parish,22089
Illinois,De Witt County,17039
Florida,Liberty County,12077
South Carolina,Hampton County,45049
Wisconsin,Vilas County,55125
North Carolina,Columbus County,37047
Nebraska,Hamilton County,31081
Tennessee,Bedford County,47003
Mississippi,Jasper County,28061
Kansas,Harvey County,20079
Illinois,Lawrence County,17101
Oklahoma,Canadian County,40017
Michigan,Otsego County,26137
Michigan,Roscommon County,26143
Florida,Union County,12125
Louisiana,Beauregard Parish,22011
Kentucky,Leslie County,21131
Michigan,Kalkaska County,26079
Arkansas,Lawrence County,5075
Kentucky,Anderson County,21005
Kentucky,Harrison County,21097
Idaho,Valley County,16085
Wisconsin,Ashland County,55003
South Carolina,Jasper County,45053
North Dakota,Grand Forks County,38035
Iowa,Guthrie County,19077
Colorado,Rio Grande County,8105
Louisiana,Claiborne Parish,22027
Tennessee,Macon County,47111
Missouri,Pike County,29163
Kentucky,Martin County,21159
Tennessee,Smith County,47159
Kentucky,Taylor County,21217
Washington,Asotin County,53003
Missouri,Pulaski County,29169
Kentucky,Marion County,21155
Mississippi,Union County,28145
Texas,Frio County,48163
Mississippi,Copiah County,28029
North Carolina,Harnett County,37085
Texas,Anderson County,48001
Kansas,Sumner County,20191
Michigan,Arenac County,26011
Indiana,Posey County,18129
Colorado,Washington County,8121
Pennsylvania,Fulton County,42057
Missouri,Adair County,29001
New Mexico,Roosevelt County,35041
Kansas,Franklin County,20059
South Dakota,Faulk County,46049
Mississippi,Tallahatchie County,28135
Missouri,Clinton County,29049
Utah,Garfield County,49017
Rhode Island,Bristol County,44001
Oklahoma,Wagoner County,40145
Idaho,Lemhi County,16059
Wyoming,Albany County,56001
Alaska,Kodiak Island Borough,2150
Louisiana,Bienville Parish,22013
Arkansas,Izard County,5065
Missouri,Livingston County,29117
Florida,Franklin County,12037
Texas,Burnet County,48053
Oregon,Jefferson County,41031
South Dakota,Davison County,46035
North Dakota,LaMoure County,38045
Oklahoma,Stephens County,40137
Oklahoma,Cleveland County,40027
Iowa,Page County,19145
Virginia,Campbell County,51031
Montana,Madison County,30057
Michigan,Presque Isle County,26141
Minnesota,Cottonwood County,27033
South Carolina,Barnwell County,45011
Iowa,Carroll County,19027
Pennsylvania,Monroe County,42089
Michigan,Oceana County,26127
Louisiana,St. John the Baptist Parish,22095
Kansas,Lyon County,20111
Tennessee,Henderson County,47077
Virginia,Shenandoah County,51171
Iowa,Allamakee County,19005
Texas,Moore County,48341
South Carolina,Fairfield County,45039
Nebraska,Fillmore County,31059
Mississippi,Tunica County,28143
South Dakota,Jerauld County,46073
Georgia,Rockdale County,13247
Georgia,Oconee County,13219
Oklahoma,Bryan County,40013
Kentucky,Rockcastle County,21203
Kentucky,Breathitt County,21025
Kansas,Kingman County,20095
Virginia,Page County,51139
Missouri,Shannon County,29203
North Carolina,Carteret County,37031
Texas,Callahan County,48059
Kentucky,Shelby County,21211
Kentucky,Butler County,21031
Oklahoma,McClain County,40087
Montana,Toole County,30101
Kansas,Leavenworth County,20103
Alabama,Conecuh County,1035
Iowa,Henry County,19087
Minnesota,Hubbard County,27057
Illinois,Greene County,17061
Wisconsin,Taylor County,55119
Wyoming,Teton County,56039
Florida,Gilchrist County,12041
North Dakota,Mountrail County,38061
Nebraska,Polk County,31143
Colorado,Yuma County,8125
Mississippi,Itawamba County,28057
Mississippi,Clay County,28025
Kansas,Ellis County,20051
California,Plumas County,6063
Illinois,Cass County,17017
Texas,Titus County,48449
South Carolina,Marion County,45067
Louisiana,West Baton Rouge Parish,22121
Alabama,Macon County,1087
South Carolina,Abbeville County,45001
Montana,Jefferson County,30043
New Mexico,Socorro County,35053
Missouri,Crawford County,29055
Virginia,Fauquier County,51061
Tennessee,Fentress County,47049
Indiana,Franklin County,18047
Tennessee,Hardeman County,47069
Nebraska,Nemaha County,31127
Florida,Holmes County,12059
Indiana,Steuben County,18151
Indiana,Jasper County,18073
North Carolina,Granville County,37077
Iowa,Kossuth County,19109
Iowa,Jones County,19105
Idaho,Caribou County,16029
Idaho,Bear Lake County,16007
Kentucky,Lewis County,21135
New York,Columbia County,36021
Iowa,Muscatine County,19139
Pennsylvania,Snyder County,42109
Kentucky,Grant County,21081
New Mexico,Guadalupe County,35019
Minnesota,Waseca County,27161
Alaska,Southeast Fairbanks Census Area,2240
Florida,Glades County,12043
Texas,Milam County,48331
Oklahoma,Okmulgee County,40111
Missouri,Benton County,29015
Iowa,Plymouth County,19149
Oklahoma,Payne County,40119
West Virginia,Braxton County,54007
Montana,Garfield County,30033
Virginia,Petersburg city,51730
Kansas,Shawnee County,20177
South Carolina,Laurens County,45059
Iowa,Dickinson County,19059
Wisconsin,Waushara County,55137
Oklahoma,Lincoln County,40081
Minnesota,Le Sueur County,27079
Georgia,Bulloch County,13031
Mississippi,Oktibbeha County,28105
North Carolina,Onslow County,37133
South Dakota,Aurora County,46003
Illinois,Carroll County,17015
Minnesota,Marshall County,27089
Illinois,Menard County,17129
Wyoming,Platte County,56031
Iowa,Des Moines County,19057
Montana,Silver Bow County,30093
Indiana,Daviess County,18027
Alabama,Hale County,1065
Wyoming,Big Horn County,56003
Kentucky,Boyle County,21021
Ohio,Monroe County,39111
Tennessee,Hickman County,47081
Texas,Wood County,48499
West Virginia,Wetzel County,54103
North Carolina,Avery County,37011
Arkansas,Hot Spring County,5059
Washington,Jefferson County,53031
Indiana,Jennings County,18079
Texas,Deaf Smith County,48117
Arkansas,Poinsett County,5111
Kentucky,Montgomery County,21173
Alaska,Fairbanks North Star Borough,2090
Colorado,Las Animas County,8071
Illinois,Johnson County,17087
Kentucky,Grayson County,21085
Ohio,Meigs County,39105
Minnesota,Watonwan County,27165
Nebraska,Cheyenne County,31033
New Mexico,Torrance County,35057
Indiana,Washington County,18175
North Carolina,Moore County,37125
Texas,Zavala County,48507
Louisiana,Jefferson Davis Parish,22053
Kansas,Seward County,20175
Mississippi,Wayne County,28153
Indiana,Fayette County,18041
North Carolina,Watauga County,37189
Kentucky,Jessamine County,21113
Tennessee,Grainger County,47057
West Virginia,Lincoln County,54043
New Mexico,Lincoln County,35027
Nevada,White Pine County,32033
Florida,Baker County,12003
South Carolina,Dorchester County,45035
Mississippi,Neshoba County,28099
Texas,Pecos County,48371
Missouri,DeKalb County,29063
Nebraska,Cedar County,31027
Minnesota,Roseau County,27135
Mississippi,Covington County,28031
Illinois,Cumberland County,17035
South Dakota,Marshall County,46091
Idaho,Washington County,16087
Utah,Morgan County,49029
Arkansas,Cleburne County,5023
Tennessee,Morgan County,47129
North Carolina,Martin County,37117
Tennessee,McNairy County,47109
Wisconsin,Lincoln County,55069
Iowa,Palo Alto County,19147
Iowa,Winneshiek County,19191
Tennessee,Hamblen County,47063
North Carolina,Rockingham County,37157
North Carolina,Rutherford County,37161
Oklahoma,Pontotoc County,40123
Wisconsin,Door County,55029
Iowa,Wapello County,19179
Texas,Eastland County,48133
Georgia,Bartow County,13015
Georgia,Gordon County,13129
New York,Tompkins County,36109
Kentucky,Logan County,21141
Nevada,Lyon County,32019
South Carolina,Beaufort County,45013
Idaho,Franklin County,16041
Wisconsin,Buffalo County,55011
Texas,Gillespie County,48171
Illinois,Ford County,17053
California,Del Norte County,6015
Idaho,Owyhee County,16073
Iowa,Buena Vista County,19021
Wisconsin,Kewaunee County,55061
Ohio,Hocking County,39073
Texas,Cass County,48067
Missouri,Ray County,29177
Kentucky,Franklin County,21073
Virginia,Danville city,51590
Illinois,Jasper County,17079
Kansas,Pottawatomie County,20149
Georgia,Catoosa County,13047
Oklahoma,Garvin County,40049
West Virginia,Ohio County,54069
Tennessee,Dyer County,47045
Louisiana,Assumption Parish,22007
Indiana,Spencer County,18147
Texas,Runnels County,48399
Nebraska,Washington County,31177
West Virginia,McDowell County,54047
Colorado,Prowers County,8099
Ohio,Henry County,39069
Nebraska,Gage County,31067
Tennessee,Montgomery County,47125
Arkansas,St. Francis County,5123
Iowa,Crawford County,19047
Iowa,Delaware County,19055
Kentucky,Knott County,21119
Tennessee,Weakley County,47183
Louisiana,East Feliciana Parish,22037
Pennsylvania,Clinton County,42035
Colorado,Montezuma County,8083
South Carolina,Lee County,45061
Virginia,Buchanan County,51027
North Dakota,McHenry County,38049
South Carolina,Kershaw County,45055
Tennessee,Wayne County,47181
Iowa,Washington County,19183
Arizona,Greenlee County,4011
Kentucky,Wayne County,21231
Pennsylvania,Elk County,42047
Iowa,Harrison County,19085
North Dakota,Walsh County,38099
South Carolina,Oconee County,45073
Minnesota,Pipestone County,27117
Indiana,White County,18181
South Dakota,Hanson County,46061
Florida,Sumter County,12119
Rhode Island,Newport County,44005
Idaho,Jerome County,16053
Washington,Ferry County,53019
North Carolina,Craven County,37049
Oklahoma,Garfield County,40047
Nebraska,Thurston County,31173
Mississippi,Clarke County,28023
South Dakota,Clark County,46025
New York,Schoharie County,36095
Iowa,Clayton County,19043
Montana,Judith Basin County,30045
Texas,Hood County,48221
Virginia,Frederick County,51069
Missouri,Ozark County,29153
Ohio,Adams County,39001
Kentucky,Rowan County,21205
Nebraska,Holt County,31089
Iowa,Lyon County,19119
Idaho,Gooding County,16047
North Carolina,Haywood County,37087
Georgia,Coweta County,13077
Georgia,Thomas County,13275
Missouri,New Madrid County,29143
Wisconsin,Washburn County,55129
Iowa,Madison County,19121
Nebraska,Knox County,31107
South Dakota,Union County,46127
Arkansas,Independence County,5063
Missouri,Audrain County,29007
Tennessee,Grundy County,47061
Pennsylvania,Jefferson County,42065
Colorado,Conejos County,8021
California,Mariposa County,6043
Missouri,Phelps County,29161
Indiana,Wells County,18179
Illinois,Mercer County,17131
Montana,Park County,30067
Michigan,Emmet County,26047
Alabama,Monroe County,1099
Montana,Rosebud County,30087
Florida,DeSoto County,12027
Mississippi,Simpson County,28127
Florida,Dixie County,12029
West Virginia,Hancock County,54029
Tennessee,McMinn County,47107
Indiana,Clay County,18021
California,Amador County,6005
Indiana,Huntington County,18069
North Carolina,Pender County,37141
Washington,Lincoln County,53043
Minnesota,Big Stone County,27011
Nebraska,Saline County,31151
Missouri,Bates County,29013
Illinois,Washington County,17189
Texas,Fannin County,48147
Iowa,Marshall County,19127
Missouri,Hickory County,29085
Iowa,Cedar County,19031
Arkansas,Phillips County,5107
Iowa,Grundy County,19075
Colorado,Otero County,8089
Montana,Phillips County,30071
Missouri,Ripley County,29181
North Carolina,Yadkin County,37197
Utah,Kane County,49025
South Carolina,Greenwood County,45047
Indiana,Lawrence County,18093
Illinois,Massac County,17127
Wyoming,Lincoln County,56023
Alaska,Dillingham Census Area,2070
North Carolina,Cumberland County,37051
Minnesota,Redwood County,27127
Tennessee,Overton County,47133
Kansas,Jefferson County,20087
Arkansas,Greene County,5055
Indiana,Scott County,18143
Ohio,Wyandot County,39175
Michigan,Alpena County,26007
Oregon,Coos County,41011
Indiana,Gibson County,18051
Pennsylvania,Potter County,42105
Illinois,Bond County,17005
Missouri,Laclede County,29105
Alabama,Pike County,1109
Iowa,Clinton County,19045
Illinois,Clay County,17025
Arkansas,Miller County,5091
New York,Genesee County,36037
Mississippi,Tate County,28137
Kentucky,Jackson County,21109
Wyoming,Uinta County,56041
Iowa,Cass County,19029
Mississippi,Attala County,28007
Idaho,Fremont County,16043
Montana,Richland County,30083
Texas,Howard County,48227
Michigan,Iosco County,26069
Kentucky,Morgan County,21175
Louisiana,Iberville Parish,22047
Arkansas,Johnson County,5071
Kentucky,Christian County,21047
Missouri,Pettis County,29159
Illinois,Perry County,17145
Colorado,Logan County,8075
Georgia,Columbia County,13073
Missouri,Daviess County,29061
Indiana,Jefferson County,18077
Indiana,Whitley County,18183
Alabama,Geneva County,1061
Pennsylvania,Warren County,42123
Mississippi,Marion County,28091
Michigan,Charlevoix County,26029
North Dakota,Richland County,38077
Kentucky,Muhlenberg County,21177
Georgia,Walker County,13295
New Mexico,Quay County,35037
Michigan,Manistee County,26101
Oklahoma,Ottawa County,40115
South Dakota,Corson County,46031
Ohio,Jackson County,39079
Nebraska,Antelope County,31003
Arkansas,Baxter County,5005
Georgia,Walton County,13297
Montana,Lincoln County,30053
Tennessee,Franklin County,47051
Louisiana,Evangeline Parish,22039
Washington,Pacific County,53049
Wisconsin,Douglas County,55031
Texas,Waller County,48473
Alabama,Russell County,1113
Washington,San Juan County,53055
North Carolina,Chatham County,37037
Ohio,Paulding County,39125
Oklahoma,Mayes County,40097
Virginia,Botetourt County,51023
Utah,Carbon County,49007
Tennessee,Union County,47173
Tennessee,Scott County,47151
Michigan,Mason County,26105
Texas,Duval County,48131
Minnesota,Wabasha County,27157
Tennessee,Dickson County,47043
Oregon,Columbia County,41009
North Dakota,McLean County,38055
New York,Montgomery County,36057
Ohio,Logan County,39091
Mississippi,Yazoo County,28163
Idaho,Payette County,16075
Wisconsin,Crawford County,55023
North Carolina,Henderson County,37089
Tennessee,Loudon County,47105
Alabama,Tallapoosa County,1123
Minnesota,Meeker County,27093
Texas,Harrison County,48203
Iowa,Benton County,19011
South Dakota,Edmunds County,46045
Louisiana,Vernon Parish,22115
Georgia,Laurens County,13175
Missouri,Saline County,29195
Minnesota,Nobles County,27105
Oregon,Polk County,41053
Mississippi,Alcorn County,28003
Mississippi,Chickasaw County,28017
Alabama,Clarke County,1025
Maryland,Calvert County,24009
Wyoming,Converse County,56009
Tennessee,Tipton County,47167
Indiana,Clinton County,18023
Florida,Taylor County,12123
Missouri,Marion County,29127
Virginia,Alexandria city,51510
New York,Fulton County,36035
Oklahoma,Grady County,40051
Virginia,Lee County,51105
Idaho,Gem County,16045
Indiana,Sullivan County,18153
South Dakota,McCook County,46087
Georgia,Murray County,13213
South Dakota,Hamlin County,46057
Kentucky,Calloway County,21035
Nebraska,Cass County,31025
Mississippi,Pontotoc County,28115
South Dakota,Charles Mix County,46023
West Virginia,Mingo County,54059
New York,Wyoming County,36121
Louisiana,Concordia Parish,22029
Iowa,Hardin County,19083
West Virginia,Hampshire County,54027
Indiana,LaGrange County,18087
Texas,Erath County,48143
Texas,Rusk County,48401
Minnesota,Winona County,27169
Tennessee,Cheatham County,47021
Texas,Rockwall County,48397
Missouri,Bollinger County,29017
New York,Lewis County,36049
Kentucky,Graves County,21083
Idaho,Latah County,16057
Alabama,Randolph County,1111
South Dakota,Turner County,46125
Alaska,Lake and Peninsula Borough,2164
Mississippi,Lafayette County,28071
Arkansas,Union County,5139
Missouri,Andrew County,29003
Missouri,Carroll County,29033
California,Calaveras County,6009
Texas,Parmer County,48369
Pennsylvania,Perry County,42099
South Dakota,Dewey County,46041
Louisiana,Terrebonne Parish,22109
Kansas,Osage County,20139
Montana,Beaverhead County,30001
Michigan,Antrim County,26009
Vermont,Caledonia County,50005
Minnesota,Wadena County,27159
Nevada,Humboldt County,32013
Texas,Lamb County,48279
Missouri,Barry County,29009
Texas,Chambers County,48071
Missouri,Moniteau County,29135
South Dakota,Bon Homme County,46009
Texas,Matagorda County,48321
Idaho,Elmore County,16039
Alabama,Lowndes County,1085
Arizona,La Paz County,4012
Illinois,Mason County,17125
Missouri,Linn County,29115
Georgia,Newton County,13217
Alaska,Matanuska-Susitna Borough,2170
Mississippi,Holmes County,28051
Missouri,Caldwell County,29025
Missouri,Taney County,29213
Iowa,Boone County,19015
Mississippi,Newton County,28101
Iowa,Butler County,19023
North Dakota,Stark County,38089
Illinois,Clark County,17023
Colorado,Broomfield County,8014
Missouri,Camden County,29029
Texas,Gonzales County,48177
Idaho,Minidoka County,16067
West Virginia,Preston County,54077
Tennessee,Coffee County,47031
Missouri,Lafayette County,29107
Virginia,Accomack County,51001
Alaska,North Slope Borough,2185
Montana,Valley County,30105
Missouri,Randolph County,29175
Washington,Klickitat County,53039
New York,Otsego County,36077
Mississippi,Lincoln County,28085
Missouri,Butler County,29023
Alabama,Chilton County,1021
Oklahoma,Delaware County,40041
Montana,Custer County,30017
South Dakota,Meade County,46093
West Virginia,Mason County,54053
Montana,Chouteau County,30015
Alabama,Marengo County,1091
Illinois,Warren County,17187
Iowa,Fayette County,19065
Indiana,Vanderburgh County,18163
Wisconsin,Iowa County,55049
Missouri,Johnson County,29101
Oklahoma,Pottawatomie County,40125
Colorado,Routt County,8107
Wisconsin,Oneida County,55085
Wisconsin,Oconto County,55083
Texas,Kendall County,48259
Tennessee,Jefferson County,47089
New York,Putnam County,36079
Kentucky,Ohio County,21183
Colorado,La Plata County,8067
Louisiana,Lafourche Parish,22057
Utah,Wasatch County,49051
Ohio,Coshocton County,39031
Utah,Millard County,49027
Mississippi,Marshall County,28093
New York,Cortland County,36023
Texas,Cherokee County,48073
North Carolina,Vance County,37181
Utah,Emery County,49015
Florida,Hardee County,12049
Kentucky,Scott County,21209
Texas,Karnes County,48255
Nebraska,Adams County,31001
Texas,Cooke County,48097
Virginia,Lynchburg city,51680
New Mexico,Otero County,35035
New York,Cayuga County,36011
New Mexico,Luna County,35029
North Carolina,Lenoir County,37107
Indiana,Knox County,18083
Oregon,Baker County,41001
Illinois,Crawford County,17033
Minnesota,Lyon County,27083
Michigan,Clare County,26035
Ohio,Van Wert County,39161
South Dakota,Beadle County,46005
Georgia,Troup County,13285
North Carolina,Stokes County,37169
Oklahoma,Caddo County,40015
Missouri,Vernon County,29217
Georgia,Lowndes County,13185
Tennessee,Cocke County,47029
Missouri,Cooper County,29053
Texas,DeWitt County,48123
Pennsylvania,Huntingdon County,42061
Mississippi,Adams County,28001
Nebraska,Custer County,31041
Kentucky,Clay County,21051
Texas,Wharton County,48481
Maryland,Cecil County,24015
Utah,Juab County,49023
South Carolina,Cherokee County,45021
Tennessee,Marion County,47115
South Carolina,Clarendon County,45027
Iowa,Sioux County,19167
Minnesota,Polk County,27119
Kentucky,Meade County,21163
Indiana,Randolph County,18135
North Dakota,Benson County,38005
West Virginia,Upshur County,54097
South Dakota,Kingsbury County,46077
Georgia,Floyd County,13115
Oregon,Harney County,41025
Washington,Mason County,53045
Kansas,Dickinson County,20041
Illinois,Douglas County,17041
South Carolina,Darlington County,45031
Missouri,Washington County,29221
Kansas,McPherson County,20113
Pennsylvania,Venango County,42121
Missouri,Macon County,29121
Utah,Duchesne County,49013
Alabama,Bibb County,1007
Illinois,Jersey County,17083
Ohio,Williams County,39171
Virginia,Rockingham County,51165
Mississippi,Lamar County,28073
Maryland,St. Mary's County,24037
Alabama,Dale County,1045
Georgia,Paulding County,13223
Texas,Hockley County,48219
New York,Chemung County,36015
Colorado,Elbert County,8039
South Dakota,Brookings County,46011
Iowa,Black Hawk County,19013
Michigan,Isabella County,26073
Wyoming,Park County,56029
Ohio,Defiance County,39039
North Carolina,Stanly County,37167
Nebraska,Colfax County,31037
Virginia,Carroll County,51035
Ohio,Gallia County,39053
Montana,Pondera County,30073
Minnesota,Freeborn County,27047
Florida,Bradford County,12007
Washington,Clallam County,53009
Missouri,Pemiscot County,29155
Florida,Wakulla County,12129
Iowa,Jasper County,19099
Alabama,Lawrence County,1079
Virginia,Bedford County,51019
California,Trinity County,6105
Alabama,Franklin County,1059
Minnesota,Pine County,27115
Virginia,Stafford County,51179
Arkansas,Lonoke County,5085
New York,Essex County,36031
Pennsylvania,Susquehanna County,42115
Illinois,Marshall County,17123
Montana,Teton County,30099
Kentucky,Marshall County,21157
North Carolina,Nash County,37127
West Virginia,Marshall County,54051
Maryland,Garrett County,24023
Louisiana,Natchitoches Parish,22069
South Dakota,Codington County,46029
Iowa,Dubuque County,19061
Tennessee,Cumberland County,47035
Louisiana,Lincoln Parish,22061
Mississippi,Panola County,28107
Idaho,Nez Perce County,16069
California,Mono County,6051
Oklahoma,Cherokee County,40021
Pennsylvania,Greene County,42059
Maryland,Charles County,24017
Louisiana,Avoyelles Parish,22009
Virginia,Albemarle County,51003
Virginia,Suffolk city,51800
New York,Warren County,36113
Minnesota,Martin County,27091
Michigan,Delta County,26041
Montana,Stillwater County,30095
Virginia,Tazewell County,51185
Michigan,Osceola County,26133
Montana,Carbon County,30009
Mississippi,Prentiss County,28117
Minnesota,Benton County,27009
Pennsylvania,Tioga County,42117
Texas,Caldwell County,48055
Wisconsin,Dunn County,55033
Oklahoma,Rogers County,40131
Missouri,Howell County,29091
Alabama,Winston County,1133
North Carolina,Orange County,37135
Wisconsin,Monroe County,55081
Alabama,Coffee County,1031
Indiana,Floyd County,18043
South Carolina,Williamsburg County,45089
Missouri,Stone County,29209
Indiana,Wabash County,18169
New York,Ulster County,36111
Indiana,Dearborn County,18029
North Carolina,Edgecombe County,37065
North Carolina,Cleveland County,37045
Michigan,Mecosta County,26107
Nebraska,Saunders County,31155
Hawaii,Kauai County,15007
Texas,Bee County,48025
Georgia,Carroll County,13045
Oregon,Josephine County,41033
Georgia,Houston County,13153
Montana,Lake County,30047
Utah,San Juan County,49037
Ohio,Morrow County,39117
West Virginia,Monongalia County,54061
Michigan,Wexford County,26165
Virginia,Montgomery County,51121
Alabama,Marion County,1093
Kentucky,McCracken County,21145
Tennessee,Madison County,47113
Oklahoma,McCurtain County,40089
Pennsylvania,Carbon County,42025
South Dakota,Brown County,46013
Oklahoma,Sequoyah County,40135
Missouri,Harrison County,29081
Minnesota,Houston County,27055
Missouri,Wright County,29229
Missouri,Texas County,29215
Florida,Columbia County,12023
Florida,Madison County,12079
Oklahoma,Creek County,40037
Indiana,Montgomery County,18107
South Dakota,Todd County,46121
Louisiana,Washington Parish,22117
Utah,Sanpete County,49039
Alaska,Kenai Peninsula Borough,2122
Nebraska,Lincoln County,31111
Minnesota,Lincoln County,27081
Iowa,Woodbury County,19193
Tennessee,Roane County,47145
Maine,Sagadahoc County,23023
Missouri,Henry County,29083
South Carolina,Lancaster County,45057
Washington,Kittitas County,53037
Texas,Navarro County,48349
Indiana,Cass County,18017
New York,Allegany County,36003
Indiana,Ripley County,18137
Arkansas,Garland County,5051
Pennsylvania,McKean County,42083
California,Lassen County,6035
Nebraska,Dawson County,31047
Louisiana,Webster Parish,22119
North Carolina,Caldwell County,37027
Virginia,Spotsylvania County,51177
Mississippi,Monroe County,28095
Colorado,Delta County,8029
Minnesota,Crow Wing County,27035
Alabama,Covington County,1039
Maine,Lincoln County,23015
Ohio,Champaign County,39021
West Virginia,Fayette County,54019
Maryland,Allegany County,24001
Ohio,Hardin County,39065
Oregon,Benton County,41003
Indiana,Howard County,18067
Michigan,Dickinson County,26043
South Dakota,Oglala Lakota County,46033
Florida,Suwannee County,12121
West Virginia,Wyoming County,54109
Kentucky,Letcher County,21133
Virginia,Russell County,51167
Virginia,Wythe County,51197
Indiana,DeKalb County,18033
Indiana,Marshall County,18099
Texas,Brown County,48049
Texas,Wise County,48497
Mississippi,Sunflower County,28133
Massachusetts,Barnstable County,25001
Florida,Levy County,12075
Montana,Ravalli County,30081
North Carolina,Lincoln County,37109
Missouri,Webster County,29225
Kentucky,Carter County,21043
Minnesota,Nicollet County,27103
Alabama,Escambia County,1053
Kentucky,Hopkins County,21107
Oregon,Klamath County,41035
Mississippi,Pearl River County,28109
Missouri,Callaway County,29027
New Mexico,Grant County,35017
Iowa,Marion County,19125
Maine,Franklin County,23007
Wisconsin,Green County,55045
Texas,Gregg County,48183
Virginia,Roanoke County,51161
West Virginia,Jackson County,54035
Missouri,Dunklin County,29069
Wyoming,Sheridan County,56033
Missouri,Nodaway County,29147
Kentucky,Hardin County,21093
Florida,Highlands County,12055
Texas,Orange County,48361
Illinois,Saline County,17165
Colorado,Morgan County,8087
Louisiana,St. Martin Parish,22099
Florida,Walton County,12131
Ohio,Ottawa County,39123
Kentucky,Harlan County,21095
New Jersey,Salem County,34033
California,Inyo County,6027
Montana,Lewis and Clark County,30049
Texas,Wichita County,48485
Vermont,Lamoille County,50015
West Virginia,Mineral County,54057
Indiana,Jackson County,18071
North Carolina,Wilkes County,37193
Mississippi,Forrest County,28035
Florida,Charlotte County,12015
Missouri,Miller County,29131
Idaho,Bonner County,16017
Indiana,Harrison County,18061
New Mexico,Colfax County,35007
West Virginia,Greenbrier County,54025
North Carolina,Alamance County,37001
Texas,Kleberg County,48273
Indiana,Greene County,18055
Florida,Hernando County,12053
Minnesota,Brown County,27015
Indiana,Wayne County,18177
Oklahoma,Adair County,40001
Missouri,Scott County,29201
Kentucky,Johnson County,21115
Minnesota,Itasca County,27061
Florida,Okeechobee County,12093
Illinois,Wayne County,17191
Virginia,Wise County,51195
Utah,Uintah County,49047
Florida,Nassau County,12089
Kentucky,Barren County,21009
Arkansas,Boone County,5009
Florida,Gadsden County,12039
South Dakota,Lincoln County,46083
Nevada,Nye County,32023
Virginia,Roanoke city,51770
Tennessee,Claiborne County,47025
Wyoming,Natrona County,56025
Arkansas,Pope County,5115
Wisconsin,Lafayette County,55065
North Dakota,Ward County,38101
New York,Jefferson County,36045
Tennessee,Monroe County,47123
Minnesota,Becker County,27005
New York,Delaware County,36025
North Dakota,Morton County,38059
Kansas,Ford County,20057
Tennessee,Bradley County,47011
Alaska,Northwest Arctic Borough,2188
Louisiana,Richland Parish,22083
Minnesota,Kandiyohi County,27067
Tennessee,Maury County,47119
Minnesota,McLeod County,27085
Pennsylvania,Clarion County,42031
Washington,Island County,53029
Indiana,Boone County,18011
Florida,Jackson County,12063
Wisconsin,Juneau County,55057
Texas,Van Zandt County,48467
New York,Tioga County,36107
New York,Wayne County,36117
New York,Madison County,36053
Michigan,Menominee County,26109
New York,Chenango County,36017
Rhode Island,Washington County,44009
Louisiana,St. Mary Parish,22101
Florida,Hendry County,12051
Michigan,Cass County,26027
Virginia,Smyth County,51173
Indiana,Kosciusko County,18085
Minnesota,Steele County,27147
Arkansas,Sebastian County,5131
Virginia,Pittsylvania County,51143
Alabama,Limestone County,1083
Illinois,Boone County,17007
North Carolina,Rowan County,37159
Illinois,Pike County,17149
Oklahoma,Osage County,40113
Mississippi,Jones County,28067
Georgia,Douglas County,13097
Virginia,Portsmouth city,51740
Pennsylvania,Columbia County,42037
West Virginia,Boone County,54005
Texas,Uvalde County,48463
Kansas,Reno County,20155
Minnesota,Cass County,27021
South Carolina,Georgetown County,45043
Indiana,Henry County,18065
Tennessee,Lawrence County,47099
Wisconsin,Manitowoc County,55071
New Hampshire,Belknap County,33001
Arkansas,Mississippi County,5093
Wyoming,Laramie County,56021
Texas,Kerr County,48265
Indiana,Warrick County,18173
Vermont,Orleans County,50019
Mississippi,Coahoma County,28027
South Dakota,Lake County,46079
Washington,Whitman County,53075
Utah,Sevier County,49041
Colorado,Montrose County,8085
Pennsylvania,Armstrong County,42005
Iowa,Warren County,19181
New Jersey,Warren County,34041
Kentucky,Knox County,21121
Montana,Blaine County,30005
Wyoming,Campbell County,56005
New Jersey,Cape May County,34009
North Carolina,Burke County,37023
Vermont,Bennington County,50003
Montana,Roosevelt County,30085
Kentucky,Nelson County,21179
Minnesota,Fillmore County,27045
New York,Schenectady County,36093
Wisconsin,Trempealeau County,55121
Florida,Indian River County,12061
Alabama,Lauderdale County,1077
Wisconsin,Clark County,55019
Wyoming,Sweetwater County,56037
Tennessee,Wilson County,47189
Virginia,Augusta County,51015
Alabama,Chambers County,1017
Vermont,Franklin County,50011
Kentucky,Perry County,21193
West Virginia,Berkeley County,54003
Missouri,Lincoln County,29113
New Hampshire,Coos County,33007
Ohio,Pike County,39131
Kansas,Finney County,20055
Nebraska,Madison County,31119
Indiana,Noble County,18113
Indiana,LaPorte County,18091
West Virginia,Nicholas County,54067
New York,Ontario County,36069
Ohio,Seneca County,39147
Alabama,Autauga County,1001
Texas,Henderson County,48213
Tennessee,Robertson County,47147
Ohio,Guernsey County,39059
Virginia,Scott County,51169
Michigan,Marquette County,26103
Ohio,Preble County,39135
Wisconsin,Calumet County,55015
Indiana,Putnam County,18133
North Carolina,Wilson County,37195
New York,Franklin County,36033
Tennessee,Campbell County,47013
Indiana,Bartholomew County,18005
Iowa,Bremer County,19017
Texas,Nacogdoches County,48347
Tennessee,Gibson County,47053
West Virginia,Randolph County,54083
Mississippi,Warren County,28149
Louisiana,Iberia Parish,22045
Minnesota,Douglas County,27041
Alaska,Kusilvak Census Area,2270
South Carolina,Pickens County,45077
New Mexico,Cibola County,35006
Montana,Hill County,30041
Kentucky,Bell County,21013
Indiana,Grant County,18053
Montana,Glacier County,30035
Minnesota,Clay County,27027
Texas,Hunt County,48231
Kentucky,Madison County,21151
Missouri,Cape Girardeau County,29031
Washington,Adams County,53001
Texas,Willacy County,48489
Michigan,Chippewa County,26033
New York,Livingston County,36051
Arkansas,White County,5145
Alaska,Prince of Wales-Hyder Census Area,2198
Oklahoma,Pittsburg County,40121
Illinois,Logan County,17107
Montana,Big Horn County,30003
North Carolina,Halifax County,37083
New York,Cattaraugus County,36009
Nebraska,Platte County,31141
Kentucky,Oldham County,21185
Nebraska,Dodge County,31053
Illinois,Piatt County,17147
Minnesota,Isanti County,27059
Idaho,Madison County,16065
Mississippi,Leflore County,28083
Missouri,Cole County,29051
Pennsylvania,Northumberland County,42097
New Mexico,Taos County,35055
Alabama,DeKalb County,1049
Kentucky,Floyd County,21071
Colorado,Eagle County,8037
Mississippi,Bolivar County,28011
Florida,Putnam County,12107
Illinois,Shelby County,17173
Iowa,Johnson County,19103
Alabama,Colbert County,1033
Illinois,Monroe County,17133
Louisiana,Vermilion Parish,22113
Ohio,Athens County,39009
North Carolina,Wayne County,37191
Missouri,Lawrence County,29109
Delaware,Sussex County,10005
New Mexico,San Miguel County,35047
Georgia,Whitfield County,13313
Missouri,Polk County,29167
Ohio,Marion County,39101
Virginia,Washington County,51191
Ohio,Clinton County,39027
Michigan,Houghton County,26061
Kentucky,Greenup County,21089
Virginia,Hampton city,51650
Indiana,Dubois County,18037
Texas,Hardin County,48199
Texas,Medina County,48325
Wisconsin,Sauk County,55111
Florida,Monroe County,12087
Missouri,Buchanan County,29021
North Dakota,Burleigh County,38015
Missouri,Platte County,29165
Ohio,Holmes County,39075
Indiana,Vigo County,18167
Minnesota,Carlton County,27017
Iowa,Buchanan County,19019
Illinois,White County,17193
Alabama,Blount County,1009
Michigan,Branch County,26023
Ohio,Auglaize County,39011
South Dakota,Hutchinson County,46067
Illinois,Lee County,17103
Georgia,Cherokee County,13057
Wisconsin,Eau Claire County,55035
Ohio,Union County,39159
Pennsylvania,Clearfield County,42033
Minnesota,Blue Earth County,27013
Tennessee,Putnam County,47141
Pennsylvania,Adams County,42001
Kentucky,Pulaski County,21199
South Dakota,Spink County,46115
Pennsylvania,Crawford County,42039
Indiana,Shelby County,18145
Utah,Iron County,49021
California,Yuba County,6115
Ohio,Highland County,39071
Nebraska,Hall County,31079
Vermont,Addison County,50001
Massachusetts,Franklin County,25011
California,Tuolumne County,6109
Ohio,Perry County,39127
Oklahoma,Muskogee County,40101
Ohio,Fulton County,39051
Idaho,Jefferson County,16051
Ohio,Madison County,39097
Tennessee,Hawkins County,47073
Wisconsin,Jefferson County,55055
Minnesota,Rice County,27131
Michigan,Newaygo County,26123
Tennessee,Anderson County,47001
Ohio,Sandusky County,39143
Iowa,Story County,19169
Pennsylvania,Indiana County,42063
Illinois,Randolph County,17157
Alaska,Nome Census Area,2180
Arkansas,Crittenden County,5035
Illinois,Fayette County,17051
Virginia,Hanover County,51085
New Hampshire,Carroll County,33003
Delaware,Kent County,10001
Pennsylvania,Bradford County,42015
Texas,Bowie County,48037
Connecticut,Windham County,9015
Wisconsin,Waupaca County,55135
Ohio,Brown County,39015
Wisconsin,Marinette County,55075
South Carolina,Aiken County,45003
Oklahoma,Texas County,40139
Pennsylvania,Bedford County,42009
New Hampshire,Sullivan County,33019
Maine,Knox County,23013
New York,Washington County,36115
Tennessee,Carter County,47019
Wisconsin,Polk County,55095
Washington,Douglas County,53017
Indiana,Monroe County,18105
South Carolina,Horry County,45051
Kentucky,Boyd County,21019
North Carolina,Cabarrus County,37025
Florida,Citrus County,12017
West Virginia,Logan County,54045
Kentucky,Boone County,21015
North Carolina,Pitt County,37147
Montana,Fergus County,30027
Connecticut,New London County,9011
Oregon,Yamhill County,41071
Virginia,Chesapeake city,51550
New Jersey,Cumberland County,34011
New Mexico,Eddy County,35015
Ohio,Crawford County,39033
Indiana,Hancock County,18059
Missouri,Jasper County,29097
New York,Herkimer County,36043
New York,Rensselaer County,36083
Illinois,Hancock County,17067
Texas,Hale County,48189
Vermont,Orange County,50017
Ohio,Shelby County,39149
North Carolina,Randolph County,37151
Vermont,Washington County,50023
Ohio,Erie County,39043
Illinois,Union County,17181
Ohio,Geauga County,39055
Minnesota,Mille Lacs County,27095
North Carolina,Johnston County,37101
Illinois,McDonough County,17109
Tennessee,Greene County,47059
Hawaii,Maui County,15009
Indiana,Tippecanoe County,18157
Illinois,Effingham County,17049
Ohio,Ashland County,39005
North Carolina,Surry County,37171
Michigan,Hillsdale County,26059
Tennessee,Washington County,47179
Nebraska,Buffalo County,31019
California,Colusa County,6011
North Carolina,Robeson County,37155
West Virginia,Wayne County,54099
Florida,Santa Rosa County,12113
Wisconsin,Wood County,55141
New Mexico,Curry County,35009
Michigan,Barry County,26015
Nebraska,Scotts Bluff County,31157
Mississippi,Pike County,28113
Massachusetts,Berkshire County,25003
Alabama,Walker County,1127
Idaho,Cassia County,16031
Texas,Randall County,48381
Louisiana,Bossier Parish,22015
Vermont,Windham County,50025
Wisconsin,Ozaukee County,55089
Texas,Bastrop County,48021
Michigan,Clinton County,26037
Maine,Hancock County,23009
South Dakota,Pennington County,46103
Alabama,Jackson County,1071
Wisconsin,Kenosha County,55059
West Virginia,Marion County,54049
Louisiana,Acadia Parish,22001
Wisconsin,Pierce County,55093
Wisconsin,La Crosse County,55063
Michigan,Sanilac County,26151
North Carolina,Catawba County,37035
Ohio,Mercer County,39107
Illinois,Coles County,17029
Wisconsin,Vernon County,55123
Texas,Jim Wells County,48249
Ohio,Knox County,39083
Florida,Clay County,12019
South Carolina,Sumter County,45085
Maine,Waldo County,23027
West Virginia,Mercer County,54055
Kentucky,Bullitt County,21029
Washington,Kitsap County,53035
Indiana,Clark County,18019
Kansas,Wyandotte County,20209
Pennsylvania,Lawrence County,42073
Kentucky,Campbell County,21037
North Dakota,Rolette County,38079
Minnesota,Mower County,27099
Illinois,Clinton County,17027
Mississippi,Lowndes County,28087
Connecticut,Tolland County,9013
California,Glenn County,6021
Wyoming,Fremont County,56013
Iowa,Pottawattamie County,19155
Louisiana,Ascension Parish,22005
Ohio,Washington County,39167
Minnesota,Morrison County,27097
South Carolina,Berkeley County,45015
Ohio,Pickaway County,39129
New York,Broome County,36007
Missouri,Stoddard County,29207
Ohio,Belmont County,39013
Mississippi,Lauderdale County,28075
Ohio,Huron County,39077
North Carolina,New Hanover County,37129
Arkansas,Saline County,5125
Texas,Val Verde County,48465
Pennsylvania,Lycoming County,42081
Mississippi,Washington County,28151
Ohio,Jefferson County,39081
Florida,Bay County,12005
Indiana,Morgan County,18109
West Virginia,Raleigh County,54081
Illinois,Edgar County,17045
Oklahoma,Le Flore County,40079
Missouri,Christian County,29043
Oregon,Umatilla County,41059
Michigan,Gratiot County,26057
Washington,Grays Harbor County,53027
Kentucky,Daviess County,21059
Michigan,Midland County,26111
Kentucky,Whitley County,21235
Massachusetts,Hampshire County,25015
Georgia,Dougherty County,13095
Minnesota,Chisago County,27025
Kentucky,Laurel County,21125
West Virginia,Cabell County,54011
Wisconsin,Portage County,55097
Iowa,Scott County,19163
Illinois,Stephenson County,17177
Michigan,Bay County,26017
Connecticut,Middlesex County,9007
Texas,Potter County,48375
Maine,Oxford County,23017
West Virginia,Putnam County,54079
Montana,Cascade County,30013
Oregon,Malheur County,41045
Illinois,Montgomery County,17135
Texas,Brazos County,48041
Maryland,Washington County,24043
North Dakota,Williams County,38105
Arkansas,Jefferson County,5069
Louisiana,Tangipahoa Parish,22105
Wisconsin,Barron County,55005
Tennessee,Blount County,47009
Rhode Island,Kent County,44003
Ohio,Ross County,39141
Ohio,Putnam County,39137
North Carolina,Buncombe County,37021
New Hampshire,Cheshire County,33005
Washington,Cowlitz County,53015
Illinois,Jo Daviess County,17085
Alabama,St. Clair County,1115
New York,Steuben County,36101
Maryland,Harford County,24025
Oregon,Douglas County,41019
Wisconsin,Racine County,55101
Illinois,Christian County,17021
Indiana,Delaware County,18035
Texas,Angelina County,48005
New York,Clinton County,36019
Virginia,Norfolk city,51710
Arkansas,Faulkner County,5045
Illinois,Knox County,17095
New York,Niagara County,36063
Vermont,Rutland County,50021
Minnesota,Otter Tail County,27111
Virginia,Newport News city,51700
Indiana,Madison County,18095
Michigan,Grand Traverse County,26055
Utah,Summit County,49043
Kansas,Butler County,20015
Ohio,Lawrence County,39087
Idaho,Bannock County,16005
Missouri,Cass County,29037
New Mexico,Valencia County,35061
Illinois,Adams County,17001
Texas,Parker County,48367
Wisconsin,Columbia County,55021
Ohio,Allen County,39003
Washington,Stevens County,53065
Illinois,Jackson County,17077
Maine,Washington County,23029
Maine,Somerset County,23025
Florida,Okaloosa County,12091
New York,Chautauqua County,36013
Wisconsin,Chippewa County,55017
Arkansas,Craighead County,5031
North Carolina,Iredell County,37097
South Carolina,Lexington County,45063
California,Lake County,6033
Alaska,Anchorage Municipality,2020
Utah,Box Elder County,49003
Colorado,Garfield County,8045
Texas,Liberty County,48291
Mississippi,Rankin County,28121
Maine,Androscoggin County,23001
Texas,Grayson County,48181
Pennsylvania,Fayette County,42051
Alabama,Elmore County,1051
Wisconsin,Dodge County,55027
South Carolina,Florence County,45041
New Jersey,Sussex County,34037
Mississippi,Lee County,28081
Wisconsin,Fond du Lac County,55039
South Carolina,York County,45091
Washington,Thurston County,53067
West Virginia,Harrison County,54033
Kentucky,Pike County,21195
Texas,Smith County,48423
Wisconsin,Washington County,55131
Vermont,Windsor County,50027
Illinois,Williamson County,17199
Montana,Missoula County,30063
Pennsylvania,Centre County,42027
Pennsylvania,Franklin County,42055
Pennsylvania,Cumberland County,42041
Michigan,Lapeer County,26087
Kentucky,Warren County,21227
Texas,Taylor County,48441
Illinois,Bureau County,17011
North Carolina,Davidson County,37057
Alabama,Baldwin County,1003
Oregon,Linn County,41043
Ohio,Greene County,39057
Texas,Guadalupe County,48187
Washington,Okanogan County,53047
Texas,Victoria County,48469
Ohio,Darke County,39037
Pennsylvania,Lackawanna County,42069
West Virginia,Wood County,54107
Maryland,Carroll County,24013
California,Siskiyou County,6093
Montana,Yellowstone County,30111
Minnesota,Goodhue County,27049
Georgia,Henry County,13151
Pennsylvania,Mercer County,42085
Washington,Walla Walla County,53071
Mississippi,DeSoto County,28033
Nevada,Elko County,32007
New Hampshire,Strafford County,33017
Kentucky,Kenton County,21117
Illinois,Franklin County,17055
Pennsylvania,Blair County,42013
Illinois,Livingston County,17105
New Mexico,Rio Arriba County,35039
Texas,Hill County,48217
Alabama,Dallas County,1047
North Carolina,Gaston County,37071
Idaho,Bingham County,16011
Missouri,Boone County,29019
Iowa,Dallas County,19049
Utah,Tooele County,49045
Washington,Lewis County,53041
Illinois,Iroquois County,17075
New Jersey,Gloucester County,34015
Illinois,Henry County,17073
Florida,Martin County,12085
Georgia,Chatham County,13051
Ohio,Muskingum County,39119
Michigan,Calhoun County,26025
Wisconsin,Grant County,55043
Texas,Ellis County,48139
Pennsylvania,Lebanon County,42075
Pennsylvania,Somerset County,42111
Wisconsin,St. Croix County,55109
Texas,Maverick County,48323
Ohio,Clark County,39023
New York,Dutchess County,36027
California,San Benito County,6069
Michigan,St. Joseph County,26149
Georgia,Forsyth County,13117
Arkansas,Benton County,5007
Michigan,Huron County,26063
Illinois,Fulton County,17057
New York,Orange County,36071
New Mexico,Sandoval County,35043
Texas,San Patricio County,48409
Tennessee,Sevier County,47155
Arizona,Graham County,4009
Florida,Escambia County,12033
Florida,Sarasota County,12115
Tennessee,Sumner County,47165
Missouri,St. Francois County,29187
Hawaii,Hawaii County,15001
Illinois,Marion County,17121
Ohio,Ashtabula County,39007
Texas,Wilson County,48493
Michigan,Van Buren County,26159
Mississippi,Jackson County,28059
Florida,Marion County,12083
Nebraska,Sarpy County,31153
Pennsylvania,Schuylkill County,42107
Georgia,Muscogee County,13215
Maryland,Frederick County,24021
Indiana,Johnson County,18081
South Carolina,Anderson County,45007
Illinois,Grundy County,17063
Indiana,St. Joseph County,18141
Illinois,Morgan County,17137
California,Sutter County,6101
Michigan,Tuscola County,26157
Ohio,Scioto County,39145
Idaho,Twin Falls County,16083
Michigan,Ionia County,26067
Pennsylvania,Northampton County,42095
Minnesota,Beltrami County,27007
Ohio,Hancock County,39063
Missouri,Franklin County,29071
New York,Oswego County,36075
Alabama,Shelby County,1117
North Dakota,Cass County,38017
Florida,Lake County,12069
Illinois,Ogle County,17141
Alabama,Lee County,1081
Illinois,Jefferson County,17081
Tennessee,Rutherford County,47149
Vermont,Chittenden County,50007
Michigan,Shiawassee County,26155
Alabama,Cullman County,1043
New York,Rockland County,36087
Alaska,Yukon-Koyukuk Census Area,2290
Alabama,Marshall County,1095
California,Tehama County,6103
Wisconsin,Sheboygan County,55117
New York,Albany County,36001
Indiana,Elkhart County,18039
Maryland,Howard County,24027
Wisconsin,Winnebago County,55139
Minnesota,Scott County,27139
South Carolina,Orangeburg County,45075
Kentucky,Fayette County,21067
New Jersey,Hunterdon County,34019
Wisconsin,Walworth County,55127
Ohio,Wood County,39173
Georgia,Hall County,13139
Maine,Aroostook County,23003
Mississippi,Harrison County,28047
Montana,Flathead County,30029
Texas,Kaufman County,48257
Ohio,Miami County,39109
Illinois,Macoupin County,17117
North Carolina,Union County,37179
Indiana,Hendricks County,18063
Wisconsin,Rock County,55105
Tennessee,Sullivan County,47163
New York,St. Lawrence County,36089
Pennsylvania,Dauphin County,42043
Texas,Atascosa County,48013
Florida,St. Lucie County,12111
Mississippi,Madison County,28089
New Jersey,Atlantic County,34001
Pennsylvania,Cambria County,42021
Pennsylvania,Beaver County,42007
Virginia,Chesterfield County,51041
Oklahoma,Tulsa County,40143
Texas,Starr County,48427
New Jersey,Somerset County,34035
Louisiana,St. Tammany Parish,22103
New Mexico,Chaves County,35005
Pennsylvania,Butler County,42019
Michigan,Eaton County,26045
Michigan,Montcalm County,26117
Arkansas,Washington County,5143
South Carolina,Spartanburg County,45083
Connecticut,Litchfield County,9005
Washington,Skagit County,53057
Alabama,Calhoun County,1015
Indiana,Porter County,18127
Texas,Comal County,48091
Montana,Gallatin County,30031
Georgia,Bibb County,13021
Texas,Midland County,48329
New Mexico,Lea County,35025
Louisiana,St. Landry Parish,22097
New York,Saratoga County,36091
Washington,Whatcom County,53073
Illinois,Woodford County,17203
Wisconsin,Brown County,55009
Alabama,Talladega County,1121
Alabama,Morgan County,1103
Ohio,Columbiana County,39029
Alabama,Houston County,1069
North Carolina,Durham County,37063
New Mexico,Santa Fe County,35049
Tennessee,Hamilton County,47065
Minnesota,Sherburne County,27141
Minnesota,Carver County,27019
New York,Richmond County,36085
Illinois,Kankakee County,17091
California,Napa County,6055
Arizona,Santa Cruz County,4023
Oregon,Jackson County,41029
California,Nevada County,6057
Texas,Hays County,48209
Wisconsin,Marathon County,55073
Missouri,Clay County,29047
Maine,York County,23031
Virginia,Arlington County,51013
Ohio,Lake County,39085
Washington,Franklin County,53021
Oregon,Deschutes County,41017
Arizona,Gila County,4007
Virginia,Loudoun County,51107
Tennessee,Williamson County,47187
New Hampshire,Grafton County,33009
Florida,Volusia County,12127
Ohio,Richland County,39139
Ohio,Fairfield County,39045
Ohio,Portage County,39133
Utah,Cache County,49005
Colorado,Mesa County,8077
Washington,Chelan County,53007
Alabama,Etowah County,1055
Illinois,DeKalb County,17037
Michigan,Lenawee County,26091
Alabama,Madison County,1089
Iowa,Linn County,19113
Virginia,Virginia Beach city,51810
Idaho,Kootenai County,16055
Florida,Leon County,12073
Michigan,Berrien County,26021
New Hampshire,Merrimack County,33013
Louisiana,Calcasieu Parish,22019
California,Mendocino County,6045
Florida,Brevard County,12009
Illinois,Vermilion County,17183
Louisiana,Lafayette Parish,22055
Louisiana,Livingston Parish,22063
Florida,Alachua County,12001
Florida,St. Johns County,12109
Ohio,Medina County,39103
Illinois,Macon County,17115
Pennsylvania,Washington County,42125
Pennsylvania,Lehigh County,42077
Texas,Ector County,48135
Maryland,Anne Arundel County,24003
Michigan,Muskegon County,26121
Georgia,Richmond County,13245
Texas,Johnson County,48251
Ohio,Wayne County,39169
Virginia,Prince William County,51153
Louisiana,Rapides Parish,22079
Virginia,Richmond city,51760
Pennsylvania,Luzerne County,42079
Indiana,Allen County,18003
Ohio,Clermont County,39025
Illinois,Kendall County,17093
North Carolina,Forsyth County,37067
Maine,Kennebec County,23011
Missouri,St. Charles County,29183
Maine,Penobscot County,23019
Florida,Pasco County,12101
Minnesota,Olmsted County,27109
Pennsylvania,Erie County,42049
Michigan,St. Clair County,26147
Florida,Seminole County,12117
Florida,Manatee County,12081
California,Humboldt County,6023
Michigan,Monroe County,26115
Washington,Benton County,53005
South Dakota,Minnehaha County,46099
Ohio,Warren County,39165
Michigan,Livingston County,26093
Michigan,Allegan County,26005
Missouri,Greene County,29077
Georgia,Cobb County,13067
Texas,Bell County,48027
Ohio,Delaware County,39041
California,Shasta County,6089
Ohio,Tuscarawas County,39157
Oklahoma,Oklahoma County,40109
Illinois,Rock Island County,17161
California,Solano County,6095
New York,Oneida County,36065
Tennessee,Knox County,47093
Oregon,Multnomah County,41051
New York,Onondaga County,36067
Idaho,Bonneville County,16019
Missouri,Jefferson County,29099
California,El Dorado County,6017
Wisconsin,Outagamie County,55087
Ohio,Mahoning County,39099
Colorado,Pueblo County,8101
California,Butte County,6007
New Mexico,San Juan County,35045
California,Yolo County,6113
Indiana,Hamilton County,18057
Oregon,Lane County,41039
Michigan,Jackson County,26075
Kansas,Sedgwick County,20173
Alaska,Bethel Census Area,2050
Texas,Galveston County,48167
Louisiana,Orleans Parish,22071
Ohio,Lorain County,39093
Ohio,Licking County,39089
Florida,Collier County,12021
Illinois,McLean County,17113
South Carolina,Greenville County,45045
West Virginia,Kanawha County,54039
Michigan,Ingham County,26065
Nebraska,Lancaster County,31109
Alabama,Tuscaloosa County,1125
California,Marin County,6041
Minnesota,Stearns County,27145
California,Kings County,6031
Utah,Washington County,49053
Georgia,Clayton County,13063
Delaware,New Castle County,10003
Michigan,Kalamazoo County,26077
Iowa,Polk County,19153
Illinois,Champaign County,17019
Pennsylvania,York County,42133
Illinois,Whiteside County,17195
New Jersey,Burlington County,34005
Pennsylvania,Lancaster County,42071
Colorado,Douglas County,8035
Ohio,Trumbull County,39155
Oregon,Washington County,41067
South Carolina,Charleston County,45019
Maine,Cumberland County,23005
New Mexico,McKinley County,35031
Florida,Osceola County,12097
Washington,Grant County,53025
New Jersey,Mercer County,34021
Minnesota,St. Louis County,27137
Louisiana,Ouachita Parish,22073
Colorado,Larimer County,8069
Minnesota,Washington County,27163
Michigan,Washtenaw County,26161
Washington,Clark County,53011
New Jersey,Ocean County,34029
Minnesota,Wright County,27171
Ohio,Butler County,39017
Colorado,Boulder County,8013
Illinois,Tazewell County,17179
Colorado,Arapahoe County,8005
Michigan,Saginaw County,26145
Louisiana,Caddo Parish,22017
Virginia,Henrico County,51087
New Hampshire,Rockingham County,33015
Massachusetts,Bristol County,25005
Pennsylvania,Berks County,42011
Nevada,Washoe County,32031
Arizona,Mohave County,4015
Texas,Brazoria County,48039
Massachusetts,Suffolk County,25025
New Jersey,Camden County,34007
California,San Luis Obispo County,6079
New Hampshire,Hillsborough County,33011
Minnesota,Anoka County,27003
Idaho,Canyon County,16027
Pennsylvania,Chester County,42029
Texas,Tom Green County,48451
Texas,Jefferson County,48245
Pennsylvania,Montgomery County,42091
North Carolina,Guilford County,37081
South Carolina,Richland County,45079
Oregon,Clackamas County,41005
Michigan,Ottawa County,26139
Alabama,Montgomery County,1101
Minnesota,Dakota County,27037
Pennsylvania,Delaware County,42045
Louisiana,Jefferson Parish,22051
California,Madera County,6039
Florida,Pinellas County,12103
California,Placer County,6061
Arizona,Apache County,4001
Pennsylvania,Bucks County,42017
Pennsylvania,Westmoreland County,42129
Illinois,Winnebago County,17201
Illinois,Sangamon County,17167
Ohio,Lucas County,39095
Georgia,Gwinnett County,13135
Ohio,Stark County,39151
Arizona,Coconino County,4005
Arizona,Cochise County,4003
Oregon,Marion County,41047
Texas,Webb County,48479
California,Santa Cruz County,6087
Arkansas,Pulaski County,5119
New York,Monroe County,36055
Kansas,Johnson County,20091
Texas,Lubbock County,48303
Illinois,Peoria County,17143
Wisconsin,Dane County,55025
Rhode Island,Providence County,44007
Illinois,Madison County,17119
Maryland,Montgomery County,24031
Texas,Montgomery County,48339
Colorado,El Paso County,8041
Massachusetts,Hampden County,25013
Massachusetts,Plymouth County,25023
Washington,Spokane County,53063
Wisconsin,Waukesha County,55133
Texas,McLennan County,48309
California,San Francisco County,6075
Indiana,Lake County,18089
California,Imperial County,6025
Utah,Weber County,49057
New Jersey,Hudson County,34017
Washington,Pierce County,53053
Arizona,Yavapai County,4025
Colorado,Denver County,8031
Arizona,Yuma County,4027
Florida,Lee County,12071
New Jersey,Morris County,34027
Colorado,Weld County,8123
Mississippi,Hinds County,28049
Illinois,McHenry County,17111
Illinois,St. Clair County,17163
Washington,Snohomish County,53061
Connecticut,New Haven County,9009
Arizona,Navajo County,4017
Alabama,Mobile County,1097
Idaho,Ada County,16001
Connecticut,Hartford County,9003
Maryland,Baltimore County,24005
New Jersey,Monmouth County,34025
Arizona,Pinal County,4021
New Jersey,Union County,34039
Florida,Polk County,12105
Ohio,Summit County,39153
Missouri,St. Louis city,29510
Texas,Denton County,48121
Georgia,DeKalb County,13089
Nebraska,Douglas County,31055
Texas,Williamson County,48491
New Jersey,Passaic County,34031
Ohio,Montgomery County,39113
Michigan,Genesee County,26049
Missouri,Jackson County,29095
Virginia,Fairfax County,51059
Utah,Davis County,49011
Texas,Nueces County,48355
Washington,Yakima County,53077
Massachusetts,Norfolk County,25021
Tennessee,Davidson County,47037
Texas,Fort Bend County,48157
California,Merced County,6047
Connecticut,Fairfield County,9001
Louisiana,East Baton Rouge Parish,22033
Colorado,Jefferson County,8059
Colorado,Adams County,8001
Hawaii,Honolulu County,15003
California,Santa Barbara County,6083
New York,Erie County,36029
Indiana,Marion County,18097
Maryland,Baltimore city,24510
Florida,Duval County,12031
North Carolina,Wake County,37183
New Jersey,Middlesex County,34023
Florida,Palm Beach County,12099
California,Sonoma County,6097
North Carolina,Mecklenburg County,37119
New York,Westchester County,36119
Georgia,Fulton County,13121
California,Stanislaus County,6099
Massachusetts,Essex County,25009
New Mexico,Bernalillo County,35001
Kentucky,Jefferson County,21111
Ohio,Hamilton County,39061
Michigan,Kent County,26081
California,San Mateo County,6081
New Jersey,Essex County,34013
Maryland,Prince George's County,24033
Florida,Hillsborough County,12057
California,Monterey County,6053
Massachusetts,Worcester County,25027
Minnesota,Ramsey County,27123
District of Columbia,District of Columbia,11001
California,San Joaquin County,6077
Texas,Collin County,48085
Illinois,Kane County,17089
Pennsylvania,Allegheny County,42003
New Jersey,Bergen County,34003
Florida,Orange County,12095
Wisconsin,Milwaukee County,55079
New York,Suffolk County,36103
California,Sacramento County,6067
Missouri,St. Louis County,29189
California,Contra Costa County,6013
Alabama,Jefferson County,1073
Utah,Utah County,49049
Michigan,Macomb County,26099
New York,Nassau County,36059
Illinois,Lake County,17097
New York,Bronx County,36005
Massachusetts,Middlesex County,25017
California,Tulare County,6107
Illinois,Will County,17197
Pennsylvania,Philadelphia County,42101
Texas,Travis County,48453
New York,New York County,36061
New York,Queens County,36081
Nevada,Clark County,32003
Texas,Cameron County,48061
Tennessee,Shelby County,47157
California,Ventura County,6111
Texas,El Paso County,48141
California,Kern County,6029
Ohio,Franklin County,39049
Arizona,Pima County,4019
Florida,Broward County,12011
Utah,Salt Lake County,49035
Washington,King County,53033
New York,Kings County,36047
California,Alameda County,6001
Illinois,DuPage County,17043
Minnesota,Hennepin County,27053
Ohio,Cuyahoga County,39035
Michigan,Oakland County,26125
California,Fresno County,6019
Texas,Tarrant County,48439
California,Santa Clara County,6085
California,Riverside County,6065
Texas,Bexar County,48029
Texas,Hidalgo County,48215
Texas,Dallas County,48113
California,San Bernardino County,6071
Michigan,Wayne County,26163
California,San Diego County,6073
Florida,Miami-Dade County,12086
California,Orange County,6059
Arizona,Maricopa County,4013
Texas,Harris County,48201
Illinois,Cook County,17031
California,Los Angeles County,6037
